ID,STATE_ID,STATE,FIPS,COUNTY,x,y,SOC,ELEV,Aspect,Slope,TPI,K_Factor,MAP,MAT,NDVI,Silt_Clay,NLCD,FRG,NLCD_DES,FRG_DES
87,35,New Mexico,35003,Catron County,-1116586.499,1228025.208,1.333,2192.513428,174.4923096,8.080985069,-0.421570003,0.1391,442.993988,9.092949867,0.351706296,47.33000183,4,1,Forest,Fire Regime Group I
52,8,Colorado,8033,Dolores County,-1107341.573,1699358.76,3.782,2328.449463,219.6880188,10.4627409,0.551476836,0.116666667,508.8981934,7.075252533,0.573623061,53.33737564,4,1,Forest,Fire Regime Group I
75,35,New Mexico,35003,Catron County,-1128512.259,1281006.369,3.393,2357.302246,173.9526672,8.016197205,-3.36669755,0.361699998,415.5840149,8.799050331,0.341147661,52.75299835,4,1,Forest,Fire Regime Group I
55,35,New Mexico,35031,McKinley County,-1137299.014,1446994.439,4.594,2261.781982,222.3785248,4.874323368,-1.440948248,0.248600006,410.5007935,8.162199974,0.370553285,40.66199875,4,1,Forest,Fire Regime Group I
51,8,Colorado,8033,Dolores County,-1106344.789,1716868.609,5.995,2404.112061,183.5729065,6.680479527,7.765618324,0.059,568.7745972,6.890749931,0.643415809,53.73600006,4,1,Forest,Fire Regime Group I
77,35,New Mexico,35006,Cibola County,-1106102.322,1419121.609,7.596,2514.776367,165.202774,6.598981857,2.944533825,0.235499993,530.7138062,7.413799763,0.537420094,54.59199905,4,1,Forest,Fire Regime Group I
265,35,New Mexico,35015,Eddy County,-813852.8469,1051129.068,10.276,1623.31604,135.0096741,11.54418755,2.181707382,0.180999994,468.5472107,14.78425026,0.358706594,44.55400085,4,1,Forest,Fire Regime Group I
82,35,New Mexico,35003,Catron County,-1122169.656,1239206.469,3.842,2334.665771,151.7753296,7.092346191,2.031699896,0.166299999,432.6304016,9.594650269,0.283077896,48.37400055,4,1,Forest,Fire Regime Group I
67,35,New Mexico,35003,Catron County,-1145173.126,1281595.048,11.22,2281.424561,173.1285248,7.745949745,-3.282370329,0.284747481,391.4978027,8.533787727,0.353026539,46.83737564,4,1,Forest,Fire Regime Group I
188,8,Colorado,8065,Lake County,-875398.6995,1847981.549,23.058,3376.141846,224.0729828,13.68394852,-3.088920832,0.13673684,590.5670166,-0.103999995,0.503067672,35.84000015,4,3,Forest,Fire Regime Group III
250,35,New Mexico,35007,Colfax County,-807075.2857,1536022.649,13.893,2639.735107,147.7448578,16.56748772,2.786206484,0.225600004,562.0303955,6.503600121,0.624212742,34.52000046,4,3,Forest,Fire Regime Group III
224,35,New Mexico,35055,Taos County,-843817.9303,1563109.809,13.593,2620.145508,211.1571808,15.33995819,0.358457029,0.184631586,465.0046692,5.905789375,0.474360138,50.66315842,4,3,Forest,Fire Regime Group III
229,8,Colorado,8069,Larimer County,-791617.1985,2021391.349,12.728,2421.298584,143.8677521,10.66180611,-0.109172806,0.194845363,432.7948914,5.075412273,0.546826541,36.7319603,4,3,Forest,Fire Regime Group III
164,8,Colorado,8105,Rio Grande County,-934483.008,1663166.429,27.984,3123.391602,182.2649078,16.79275513,9.318076134,0.055,835.6693726,1.883749962,0.64628154,49.36999893,4,3,Forest,Fire Regime Group III
159,35,New Mexico,35039,Rio Arriba County,-959772.3912,1493787.24,18.277,2705.762939,187.1365509,9.070051193,-0.050651606,0.24191919,704.5940552,5.487373829,0.6759516,60.18888855,4,3,Forest,Fire Regime Group III
208,8,Colorado,8049,Grand County,-837184.6403,1947418.699,5.27,2586.283447,180.8572235,9.481746674,-5.368662834,0.304939747,373.6382751,2.761506081,0.560985625,55.82048035,4,3,Forest,Fire Regime Group III
181,8,Colorado,8105,Rio Grande County,-907070.7739,1646624.21,16.527,2990.375,156.9180145,14.31359577,0.447707355,0.128191486,637.1654663,2.433563709,0.610815167,51.97553253,4,3,Forest,Fire Regime Group III
151,8,Colorado,8051,Gunnison County,-936045.7978,1813599.259,16.019,2992.823486,200.2796021,15.15106678,-1.631630182,0.2116092,674.2595215,1.579425335,0.684369624,47.46091843,4,3,Forest,Fire Regime Group III
124,8,Colorado,8081,Moffat County,-965167.9014,1986700.929,7.109,2219.553467,172.9072113,14.14468575,-1.828350544,0.224489793,541.7634888,5.760000229,0.620759666,51.63877487,4,3,Forest,Fire Regime Group III
312,35,New Mexico,35059,Union County,-691715.9706,1570370.169,7.841,1969.414063,150.2059021,7.411496639,5.321649551,0.28061223,447.8937073,9.472295761,0.486938447,44.95510101,4,3,Forest,Fire Regime Group III
271,8,Colorado,8071,Las Animas County,-756379.5934,1598486.089,3.564,2111.05127,190.1258698,10.00109196,0.816635013,0.130104169,469.2470093,9.081458092,0.552064896,48.70104218,4,3,Forest,Fire Regime Group III
236,8,Colorado,8069,Larimer County,-783181.7008,1989507.889,11.187,2302.736572,165.3928375,13.64405155,0.56259501,0.074000001,547.1380005,6.064050198,0.637389004,39.26800156,4,3,Forest,Fire Regime Group III
227,8,Colorado,8069,Larimer County,-797165.2061,1999037.469,12.025,2445.922852,180.309082,13.99063969,2.466632366,0.126804128,443.0847778,5.601391792,0.550486207,39.3453598,4,3,Forest,Fire Regime Group III
70,8,Colorado,8083,Montezuma County,-1082708.813,1669026.159,3.812,2264.544434,195.4767151,5.903158665,0.807529151,0.111699998,530.1417236,7.012300014,0.543129623,53.38199997,4,3,Forest,Fire Regime Group III
101,8,Colorado,8103,Rio Blanco County,-993469.3079,1964975.759,16.201,2268.374756,190.4789276,16.51601791,6.371850491,0.200000003,572.3169556,5.624141216,0.69854629,47.18181992,4,3,Forest,Fire Regime Group III
249,8,Colorado,8027,Custer County,-791773.656,1708181.849,16.652,3111.41333,177.3755035,14.61153984,9.017038345,0.050000001,663.0267944,2.272525787,0.665456593,34.3567009,4,3,Forest,Fire Regime Group III
194,35,New Mexico,35039,Rio Arriba County,-896172.6297,1568610.238,7.6,2769.29248,159.84552,10.34941864,0.839664221,0.265816331,563.0407104,3.852040768,0.612713993,59.17040634,4,3,Forest,Fire Regime Group III
108,35,New Mexico,35006,Cibola County,-1053950.389,1413870.818,4.803,2313.449463,207.3528748,7.856686592,4.450091362,0.238399997,330.9511108,8.68599987,0.355491102,53.18700027,4,3,Forest,Fire Regime Group III
99,8,Colorado,8067,La Plata County,-1030681.713,1674765.769,18.391,2739.768799,178.4092255,18.00257874,6.832597256,0.064130433,783.6572876,4.328260899,0.746697128,9.161956787,4,3,Forest,Fire Regime Group III
142,8,Colorado,8107,Routt County,-929481.7692,2022090.719,15.641,2675.311279,201.8581543,12.5693531,7.400763035,0.166199997,827.4679565,2.798550129,0.733742595,52.29800034,4,3,Forest,Fire Regime Group III
129,8,Colorado,8103,Rio Blanco County,-960305.3705,1952787.33,9.151,2702.168457,190.7331848,13.88063431,2.608840227,0.253061235,750.4204102,3.368469477,0.770299137,52.58469391,4,3,Forest,Fire Regime Group III
130,8,Colorado,8107,Routt County,-952854.2191,1980790.009,6.33,2202.125488,173.2072601,14.28665352,-0.710112453,0.214845359,595.0286865,5.510618687,0.656873167,48.70927811,4,3,Forest,Fire Regime Group III
64,35,New Mexico,35031,McKinley County,-1126700.15,1449976.869,3.158,2219.239502,158.2238007,4.45761013,1.430229306,0.214639172,349.313324,9.17283535,0.320662975,45.60721588,4,3,Forest,Fire Regime Group III
161,35,New Mexico,35039,Rio Arriba County,-956682.1873,1514103.899,4.953,2517.478027,110.2962875,7.052065372,-1.5664891,0.252371132,538.8876343,7.384536266,0.5326702,53.0917511,4,3,Forest,Fire Regime Group III
69,8,Colorado,8033,Dolores County,-1080491.626,1695286.358,4.411,2416.589844,198.8836212,7.329057217,-5.708789825,0.110399999,569.8181152,6.133250237,0.592612624,55.65000153,4,3,Forest,Fire Regime Group III
165,35,New Mexico,35043,Sandoval County,-951755.1258,1478655.218,5.063,2423.28833,201.0705719,10.51017284,7.013783932,0.193877548,556.4901123,7.557193756,0.575008512,50.56020355,4,3,Forest,Fire Regime Group III
185,8,Colorado,8117,Summit County,-872118.3239,1922740.49,14.541,2602.433594,138.4364777,11.38863754,-11.65337181,0.180638298,394.6705017,3.166808605,0.558181643,53.31702042,4,3,Forest,Fire Regime Group III
46,8,Colorado,8077,Mesa County,-1096914.833,1831385.009,10.535,2591.19043,179.9153748,8.415553093,10.1651659,0.200000003,562.7242432,6.147424221,0.681865573,48.12121201,4,3,Forest,Fire Regime Group III
237,8,Colorado,8023,Costilla County,-817931.8737,1611538.599,3.678,3000.69873,212.1326752,13.41716194,-9.479537964,0.20536083,522.2666016,3.880515575,0.564237475,42.30412292,4,3,Forest,Fire Regime Group III
78,8,Colorado,8083,Montezuma County,-1073632.136,1664999.278,6.015,2326.657471,209.8714294,5.38265419,-2.480853081,0.083999999,533.9396362,6.784500122,0.540173471,57.32110977,4,3,Forest,Fire Regime Group III
88,8,Colorado,8091,Ouray County,-1045145.129,1766702.529,14.276,2689.234619,139.3439178,8.749390602,3.737038851,0.190808088,657.0748901,4.985505104,0.722422421,54.7202034,4,3,Forest,Fire Regime Group III
223,8,Colorado,8003,Alamosa County,-836918.809,1653339.409,1.948,2670.14917,229.5141144,10.0300169,-7.813169479,0.13606061,418.0486755,4.019999981,0.332219809,36.62727356,4,3,Forest,Fire Regime Group III
24,56,Wyoming,56029,Park County,-1078241.573,2463050.74,14.242,2324,181.2133179,19.7778759,-0.180625707,0.100000001,399.7516479,4.629796028,0.407292426,57.79999924,4,3,Forest,Fire Regime Group III
255,8,Colorado,8071,Las Animas County,-782949.8109,1602392.14,3.344,2380.919434,164.5847473,13.94995117,7.874351025,0.138541669,494.0101318,7.936979294,0.550926089,41.60208511,4,3,Forest,Fire Regime Group III
110,8,Colorado,8091,Ouray County,-1013529.401,1731187.999,1.9,2825.111084,175.8430786,18.98168182,-0.916062236,0.156391755,613.697937,4.709226608,0.684525967,60.46598053,4,3,Forest,Fire Regime Group III
174,8,Colorado,8037,Eagle County,-892971.2909,1927011.44,6.641,2554.352051,202.8256378,16.27211571,1.179812312,0.152727276,433.7974854,3.88045454,0.563999057,48.31818008,4,3,Forest,Fire Regime Group III
139,8,Colorado,8045,Garfield County,-944715.0737,1920278.919,1.36,3013.671631,162.6206818,17.72244072,5.115865231,0.232653067,942.8474121,1.672295809,0.655029655,57.43265152,4,3,Forest,Fire Regime Group III
230,8,Colorado,8013,Boulder County,-798929.4271,1930793.149,15.303,2424.136719,163.2103271,16.10126495,8.214042664,0.077040814,537.1774902,5.879693985,0.608397901,35.26020432,4,3,Forest,Fire Regime Group III
49,8,Colorado,8045,Garfield County,-1082424.113,1904322.659,5.528,2044.137939,184.1747131,20.80967331,-5.606907368,0.184949502,407.2964783,8.467778206,0.499950737,37.20201874,4,3,Forest,Fire Regime Group III
173,8,Colorado,8109,Saguache County,-915089.1993,1737574.619,3.692,2983.2229,154.0806885,10.71210957,6.129731178,0.059500001,452.7119141,2.797250032,0.555657208,49.81999969,4,3,Forest,Fire Regime Group III
202,8,Colorado,8093,Park County,-858026.3091,1840639.519,4.931,3109.554443,125.6383438,4.272080421,-2.898399591,0.154090911,476.6496887,1.403068185,0.466559857,43.66136551,4,3,Forest,Fire Regime Group III
103,8,Colorado,8067,La Plata County,-1026171.503,1664277.11,20.061,2822.235596,202.8672485,18.41862297,10.79698753,0.074242428,800.0718384,4.049090862,0.683171093,27.61919212,4,3,Forest,Fire Regime Group III
109,8,Colorado,8077,Mesa County,-996069.9259,1872527.629,7.03,2358.116211,190.4120941,12.25690556,-1.982068658,0.280000001,560.2338867,5.859796047,0.630654573,60.20510101,4,3,Forest,Fire Regime Group III
71,8,Colorado,8085,Montrose County,-1067881.934,1779151.36,8.818,2581.483887,149.9677124,6.358552933,2.762585163,0.193100005,679.1391602,6.358550072,0.70171386,54.02199936,4,3,Forest,Fire Regime Group III
85,8,Colorado,8033,Dolores County,-1057462.967,1701899.578,30.473,3124.866211,191.0362244,16.74751282,-9.535725594,0.064400002,777.4370728,2.569800138,0.737809896,22.5359993,4,3,Forest,Fire Regime Group III
123,8,Colorado,8051,Gunnison County,-987578.942,1803475.839,21.125,2777.413574,190.1287842,19.34244156,-14.92387867,0.173299998,615.8423462,4.868100166,0.727437496,56.6269989,4,3,Forest,Fire Regime Group III
140,56,Wyoming,56019,Johnson County,-886689.157,2404839.099,18.591,2850.060791,200.0896149,8.261178017,-2.061517715,0.250312507,684.7493896,-0.143489569,0.587387025,43.19583511,4,4,Forest,Fire Regime Group IV
206,56,Wyoming,56009,Converse County,-809739.2905,2213619.829,5.49,2389.770752,159.2276764,13.87090683,3.66655302,0.200000003,611.7106934,3.173333406,0.610834897,43.08787918,4,4,Forest,Fire Regime Group IV
184,8,Colorado,8065,Lake County,-879852.7906,1856234.579,13.431,3376.358154,212.8997192,14.39017105,3.393611908,0.150769234,580.6061401,-0.213022023,0.535711646,36.94065857,4,4,Forest,Fire Regime Group IV
14,56,Wyoming,56041,Uinta County,-1193517.116,2091839.959,11.227,2688.66748,161.9505615,6.372433662,3.948275328,0.313333333,590.8999023,2.034555674,0.600176811,53.65333176,4,4,Forest,Fire Regime Group IV
10,56,Wyoming,56035,Sublette County,-1169562.2,2332243.089,21.644,2228.609863,152.1792755,15.03087044,-6.786052704,0.058526315,561.0355225,1.942736864,0.691702962,44.12210464,4,4,Forest,Fire Regime Group IV
210,8,Colorado,8069,Larimer County,-828607.6821,2019624.529,5.026,2753.620605,213.5100403,8.964640617,4.086308956,0.156976745,547.1951294,2.230174541,0.575975776,40.33372116,4,4,Forest,Fire Regime Group IV
150,8,Colorado,8079,Mineral County,-951120.8742,1683549.13,17.884,3232.158203,208.1791077,14.80366325,10.26024818,0.080315791,867.3407593,1.205052495,0.588652313,49.36000061,4,4,Forest,Fire Regime Group IV
125,8,Colorado,8045,Garfield County,-977050.8402,1876656.46,9.345,2782.046387,149.7957611,11.6151619,-6.018841743,0.280000001,814.0435791,3.691950083,0.781474531,62.86199951,4,4,Forest,Fire Regime Group IV
186,8,Colorado,8015,Chaffee County,-886436.3913,1790940.129,4.555,3471.049316,182.2118225,24.94082069,-26.70865059,0.19237113,548.7642822,-0.342474163,0.506736457,38.92061996,4,4,Forest,Fire Regime Group IV
5,56,Wyoming,56029,Park County,-1158637.413,2514145.42,10.479,2396.19458,201.3214874,7.949864388,3.755705833,0.125510201,802.9743042,0.758826554,0.584472179,51.22857285,4,5,Forest,Fire Regime Group V
43,56,Wyoming,56013,Fremont County,-1044000.43,2244188.679,21.076,2708.747314,174.7616882,9.773986816,4.33534956,0.05102041,694.0617065,1.227806091,0.552689612,57.0387764,4,5,Forest,Fire Regime Group V
3,56,Wyoming,56039,Teton County,-1169232.941,2485215.479,18.142,2423.04834,168.6123505,4.774805069,2.605886698,0.216199994,859.5509033,0.885500014,0.546603322,57.18700027,4,5,Forest,Fire Regime Group V
30,56,Wyoming,56035,Sublette County,-1077487.852,2252062.1,10.319,2703.303955,203.4859924,7.780416489,-0.572238982,0.109278351,618.0983887,0.913608253,0.609139681,37.08762741,4,5,Forest,Fire Regime Group V
19,56,Wyoming,56013,Fremont County,-1120436.047,2387569.929,12.979,2833.99292,172.6423187,10.04180717,7.786950111,0.353333324,903.6231079,-0.309166729,0.575506747,47.11562347,4,5,Forest,Fire Regime Group V
13,56,Wyoming,56039,Teton County,-1153326.948,2378102.549,9.908,2572.343506,164.385498,18.61675262,-6.635668755,0.05979592,741.8276978,0.858724594,0.535275221,46.16632843,4,5,Forest,Fire Regime Group V
6,56,Wyoming,56039,Teton County,-1165501.593,2434579.82,16.987,2360.572998,208.9731598,9.663214684,6.502155781,0.268222213,1121.274414,1.358666658,0.602835298,45.02000046,4,5,Forest,Fire Regime Group V
18,56,Wyoming,56029,Park County,-1102594.247,2526240.549,19.092,2510.685303,206.6175079,20.4222908,-1.068132162,0.053296704,709.0564575,0.702472448,0.575231373,44.78900909,4,5,Forest,Fire Regime Group V
86,35,New Mexico,35003,Catron County,-1105687.482,1322860.919,1.619,2317.490723,193.8055573,2.635037899,-1.433990479,0.2491,368.2008057,8.189599991,0.283793569,38.42100143,5,1,Shrubland,Fire Regime Group I
62,35,New Mexico,35017,Grant County,-1167627.046,1162632.478,2.759,1516.199951,175.9503479,11.0110321,-5.132051945,0.309583336,393.2549438,14.01098919,0.286339402,59.58124924,5,1,Shrubland,Fire Regime Group I
68,35,New Mexico,35017,Grant County,-1160317.891,1126858.739,0.494,1827.527466,173.5813141,6.71753931,3.899929762,0.274599999,412.2922058,12.69849968,0.309301466,51.83800125,5,1,Shrubland,Fire Regime Group I
83,35,New Mexico,35029,Luna County,-1145689.258,1053788.939,1.35,1460.342163,147.9896545,1.217208862,-1.528746724,0.29429999,308.4070129,15.25654984,0.162046626,54.50500107,5,2,Shrubland,Fire Regime Group II
316,35,New Mexico,35025,Lea County,-723826.651,1047806.969,0.677,1063.505127,164.7299347,1.025621295,0.251985759,0.168571427,342.2649231,16.87428665,0.270067871,12.74591827,5,2,Shrubland,Fire Regime Group II
149,56,Wyoming,56019,Johnson County,-875741.4737,2339436.13,3.974,1738.640869,118.9809952,7.909953594,-2.735330343,0.146129027,338.9155579,6.777688026,0.33801192,60.28709793,5,2,Shrubland,Fire Regime Group II
248,35,New Mexico,35035,Otero County,-855596.1231,1063850.959,7.533,1200.702393,139.1226959,4.208724022,-2.617657423,0.344000012,270.4324341,15.97299957,0.192295283,71.40100098,5,2,Shrubland,Fire Regime Group II
182,56,Wyoming,56025,Natrona County,-833987.3537,2281191.7,4.904,1697.071045,177.8260803,3.361020565,0.118783087,0.303000003,328.2735901,7.165249825,0.312403351,51.20000076,5,2,Shrubland,Fire Regime Group II
338,35,New Mexico,35037,Quay County,-643167.6357,1380024.388,1.102,1175.755737,185.3959808,2.327094793,-0.123296194,0.27448979,432.5515442,14.16244888,0.282815695,45.97653198,5,2,Shrubland,Fire Regime Group II
94,35,New Mexico,35017,Grant County,-1112903.008,1125106.419,6.509,1552.659912,187.8292847,2.377149105,-0.46563673,0.303333342,340.8447266,14.35317707,0.191320196,54.36875153,5,2,Shrubland,Fire Regime Group II
152,56,Wyoming,56033,Sheridan County,-859798.6063,2469723.549,8.328,1200.339111,173.7955475,6.427920341,1.111960292,0.333636373,387.8337708,6.973295689,0.465711236,58.46250153,5,2,Shrubland,Fire Regime Group II
318,35,New Mexico,35025,Lea County,-714245.8005,1078289.479,0.606,1125.764282,172.140686,1.311453462,0.977267027,0.170000002,361.6979065,16.19720078,0.280647784,13.82199955,5,2,Shrubland,Fire Regime Group II
155,56,Wyoming,56019,Johnson County,-858491.6511,2445314.77,13.758,1468.783936,151.8065186,8.112212181,-1.1322335,0.320549458,416.4020691,6.775384426,0.539935708,51.20549393,5,2,Shrubland,Fire Regime Group II
215,35,New Mexico,35027,Lincoln County,-904024.0181,1227785.009,1.596,1713.269531,232.394577,1.759581923,-0.715028822,0.367127657,366.8890076,13.1595211,0.223067954,63.53404236,5,2,Shrubland,Fire Regime Group II
115,35,New Mexico,35029,Luna County,-1087092.316,1098736.658,1.712,1326.586792,156.4176178,1.306407094,-0.622881234,0.292653054,266.620636,15.7054081,0.177858874,48.47550964,5,2,Shrubland,Fire Regime Group II
50,35,New Mexico,35017,Grant County,-1185457.101,1139930.019,0.851,1346.618408,222.6036835,3.588724375,-3.713231564,0.334545463,347.0461731,15.20838356,0.211629048,60.34646606,5,2,Shrubland,Fire Regime Group II
122,35,New Mexico,35051,Sierra County,-1072047.763,1133640.549,2.649,1601.399292,149.6914215,4.326188564,0.408950478,0.148900002,372.3293152,14.3199501,0.211360663,54.06900024,5,2,Shrubland,Fire Regime Group II
201,35,New Mexico,35035,Otero County,-938008.1862,1097390.378,0.485,1244.975098,122.6138992,1.038609505,-0.974408686,0.371938765,272.4752197,16.67785645,0.188993141,57.18061066,5,2,Shrubland,Fire Regime Group II
45,35,New Mexico,35023,Hidalgo County,-1195782.638,1107246.809,1.12,1344.675903,218.0596466,2.738885403,-1.248059154,0.254500002,309.4490051,15.60424995,0.148967952,58.54700089,5,2,Shrubland,Fire Regime Group II
290,35,New Mexico,35005,Chaves County,-766907.5658,1164946.308,0.001,1088.212891,178.5187225,1.230456471,0.420256495,0.328099996,364.4317017,15.31494999,0.235435963,49.8030014,5,2,Shrubland,Fire Regime Group II
231,56,Wyoming,56005,Campbell County,-758470.8978,2333272.9,6.5,1485.535034,141.2633972,1.624822617,-0.57865268,0.319999993,324.578186,6.978449821,0.321799695,47.97999954,5,2,Shrubland,Fire Regime Group II
73,35,New Mexico,35023,Hidalgo County,-1161945.812,1045937.248,2.727,1371.911377,145.764801,3.551978111,2.740324259,0.268585861,308.5267639,15.46373749,0.179363534,48.55151367,5,2,Shrubland,Fire Regime Group II
329,35,New Mexico,35037,Quay County,-669689.2985,1390839.919,0.805,1185.43103,170.1819458,2.303528547,0.770214379,0.235744685,424.5327148,14.30595779,0.280245245,40.2457428,5,2,Shrubland,Fire Regime Group II
325,35,New Mexico,35025,Lea County,-701053.1743,1077183.279,2.21,1128.665894,151.4407806,1.434005022,0.520512283,0.170000002,368.8092957,15.94797993,0.272296101,18.32222176,5,2,Shrubland,Fire Regime Group II
339,8,Colorado,8017,Cheyenne County,-613047.3702,1769166.349,1.872,1419.348389,152.5202026,1.347284079,1.259749174,0.115714289,387.8643188,10.10857105,0.361546248,22.49183655,5,2,Shrubland,Fire Regime Group II
305,35,New Mexico,35015,Eddy County,-749805.8692,1085735.899,1.303,1013.55426,177.8643646,1.695938587,0.038233001,0.230631575,344.0316467,16.74279022,0.229102552,34.29263306,5,2,Shrubland,Fire Regime Group II
296,35,New Mexico,35005,Chaves County,-759578.9902,1180353.079,1.082,1157.901733,168.2654419,1.315730929,0.674815953,0.285400003,372.1715088,15.00599957,0.247802868,38.44200134,5,2,Shrubland,Fire Regime Group II
147,8,Colorado,8107,Routt County,-918140.0336,1988962.75,10.653,2166.292969,172.8740692,7.256433487,3.084399462,0.201562494,576.1013184,4.703802109,0.670416653,56.54479218,5,3,Shrubland,Fire Regime Group III
126,35,New Mexico,35051,Sierra County,-1062067.426,1163580.548,4.83,1574.089111,149.7092896,6.087800026,2.635663509,0.200816333,308.5285034,14.64173508,0.205071822,52.29795837,5,3,Shrubland,Fire Regime Group III
169,35,New Mexico,35013,Dowa Ana County,-992509.1802,1086729.499,1.071,1433.825073,255.8335266,4.24418354,-3.743143559,0.149787232,314.1949463,16.30372429,0.201729313,37.85425568,5,3,Shrubland,Fire Regime Group III
135,35,New Mexico,35039,Rio Arriba County,-988951.776,1583313.268,0.804,2182.89624,184.8511505,4.939738274,0.718660295,0.374242425,434.3638611,6.98838377,0.393253922,62.56262589,5,3,Shrubland,Fire Regime Group III
61,8,Colorado,8081,Moffat County,-1057471.001,1990733.76,3.935,1885.532471,162.3366089,5.747872353,-2.369385004,0.296000004,348.4638062,7.571400166,0.261449665,58.3390007,5,3,Shrubland,Fire Regime Group III
145,35,New Mexico,35053,Socorro County,-1009918.086,1274694.998,5.721,1737.200439,128.8382416,6.698054314,-2.912328005,0.147448987,292.833374,12.90479565,0.20281823,46.57244873,5,3,Shrubland,Fire Regime Group III
166,35,New Mexico,35043,Sandoval County,-955270.1167,1421731.428,1.152,1677.491211,147.4213104,3.478643179,-0.505429685,0.183440864,287.5580444,12.51526928,0.183924556,23.11612892,5,3,Shrubland,Fire Regime Group III
114,8,Colorado,8085,Montrose County,-1002049.769,1796841.989,6.361,2295.626953,139.2188721,7.495732307,7.068157673,0.310600013,403.0335999,7.641550064,0.443558514,55.47700119,5,3,Shrubland,Fire Regime Group III
180,8,Colorado,8049,Grand County,-879173.6407,1964647.039,12.488,2630.966553,180.6536255,8.861189842,-7.379246235,0.251134008,460.0041504,2.945515394,0.534856617,55.78144455,5,3,Shrubland,Fire Regime Group III
138,35,New Mexico,35053,Socorro County,-1019394.339,1291149.508,1.88,1815.290649,147.8298645,1.53985405,-2.754224062,0.231399998,298.6250916,12.26544952,0.19049935,42.06200027,5,3,Shrubland,Fire Regime Group III
63,35,New Mexico,35006,Cibola County,-1135156.588,1386978.288,2.735,2206.979736,178.2186584,3.553725243,2.003159761,0.223199993,369.5882874,8.630700111,0.267089158,38.79600143,5,3,Shrubland,Fire Regime Group III
156,8,Colorado,8051,Gunnison County,-933666.5209,1789523.05,3.152,2723.777344,183.1520081,10.93907642,0.18465285,0.25141415,513.7905273,3.335808039,0.515593827,54.87575912,5,3,Shrubland,Fire Regime Group III
141,35,New Mexico,35043,Sandoval County,-998016.9261,1449400.378,2.884,1919.78064,184.1659851,4.518331051,2.663834095,0.344399989,262.3741455,10.56659985,0.165527865,46.29199982,5,3,Shrubland,Fire Regime Group III
22,56,Wyoming,56035,Sublette County,-1115459.438,2276093.689,2.916,2160.29541,164.054184,2.005353212,0.817533553,0.346538454,268.3733826,2.095384598,0.387574971,42.73846054,5,3,Shrubland,Fire Regime Group III
44,35,New Mexico,35003,Catron County,-1168045.048,1320043.419,7.718,2161.998535,171.2611542,4.294888973,-2.39220047,0.286000013,314.7709045,8.849949837,0.224708736,49.50099945,5,3,Shrubland,Fire Regime Group III
33,8,Colorado,8081,Moffat County,-1093437.568,2012102.529,6.439,2183.276123,166.1653137,12.33284473,-0.071401514,0.308181822,342.6489868,6.836363792,0.360457808,45.64545441,5,3,Shrubland,Fire Regime Group III
168,8,Colorado,8051,Gunnison County,-916145.8978,1767156.948,6.268,2639.685059,173.9003601,4.695431232,-7.371222973,0.302989691,311.7318726,3.483041286,0.411060423,53.62989807,5,3,Shrubland,Fire Regime Group III
172,35,New Mexico,35039,Rio Arriba County,-931751.9742,1593884.469,8.454,2513.318359,177.2636719,8.072370529,-0.646274805,0.268936157,618.8540649,4.92973423,0.603295386,68.36276245,5,3,Shrubland,Fire Regime Group III
47,35,New Mexico,35006,Cibola County,-1158375.341,1358585.979,1.255,2074.0271,196.8018341,4.689906597,0.712371588,0.224399999,315.9717102,9.503649712,0.210036114,42.36299896,5,3,Shrubland,Fire Regime Group III
160,8,Colorado,8109,Saguache County,-928844.9174,1760998.869,3.667,2584.609131,159.8394928,8.528406143,0.812943816,0.2465,310.8280029,3.544950008,0.274277657,53.06499863,5,3,Shrubland,Fire Regime Group III
34,35,New Mexico,35023,Hidalgo County,-1214288.488,1067078.198,0.843,1464.812744,196.0595856,8.877799988,6.580115795,0.177399993,336.1734924,15.53285027,0.198272943,56.60400009,5,3,Shrubland,Fire Regime Group III
120,8,Colorado,8045,Garfield County,-981401.6661,1893771.958,5.38,1925.557373,200.5905762,8.501875877,-1.927777171,0.314479172,378.7742004,8.509479523,0.439929545,53.68333435,5,3,Shrubland,Fire Regime Group III
66,35,New Mexico,35031,McKinley County,-1123710.951,1467910.549,1.35,2126.736328,195.376709,7.414909363,5.320160389,0.168181822,343.5110168,9.272828102,0.228937775,50.4515152,5,3,Shrubland,Fire Regime Group III
143,8,Colorado,8051,Gunnison County,-958463.8142,1759171.169,19.099,2571.253174,193.9253998,8.694936752,-1.287878752,0.239999995,302.295105,4.001049995,0.313479304,53,5,3,Shrubland,Fire Regime Group III
54,56,Wyoming,56013,Fremont County,-1032191.38,2238993.429,6.084,2465.521973,136.4089966,10.10852718,8.48152256,0.106701031,489.2418823,2.535979271,0.531961083,58.14123535,5,4,Shrubland,Fire Regime Group IV
177,56,Wyoming,56007,Carbon County,-871581.3836,2058007.779,10.076,2497.380615,137.1214905,6.794489861,-2.168010473,0.222395837,463.7182617,3.173333406,0.559301913,41.18021011,5,4,Shrubland,Fire Regime Group IV
197,56,Wyoming,56001,Albany County,-839738.0669,2086830.259,13.743,2542.358154,127.6657028,7.906446457,-2.639933348,0.105499998,415.0083923,3.188750029,0.430725813,42.00699997,5,4,Shrubland,Fire Regime Group IV
112,56,Wyoming,56013,Fremont County,-951918.7791,2213036.29,2.743,2225.543945,136.9868011,8.781626701,3.657598495,0.25939393,385.1282043,4.949494839,0.370657444,46.65151596,5,4,Shrubland,Fire Regime Group IV
207,56,Wyoming,56001,Albany County,-812332.2072,2186080.799,5.084,2196.479004,186.6446838,2.656195879,0.750767171,0.303838372,342.2437439,3.922222137,0.268204004,41.77373886,5,4,Shrubland,Fire Regime Group IV
92,56,Wyoming,56013,Fremont County,-978107.103,2209076.479,1.698,2183.356689,179.5124359,7.38406229,9.142570496,0.25616163,349.6112366,4.50363636,0.330874592,45.82727432,5,4,Shrubland,Fire Regime Group IV
119,8,Colorado,8081,Moffat County,-964015.3934,2038775.27,5.215,2117.37915,182.5796814,6.171863556,-0.725036025,0.273900002,441.9544067,5.56430006,0.423254371,51.31399918,5,4,Shrubland,Fire Regime Group IV
105,35,New Mexico,35045,San Juan County,-1033748.399,1594539.719,3.122,1868.475098,158.3917389,7.247843742,3.911759853,0.050000001,313.3208618,9.934511185,0.235080302,57.87608719,5,4,Shrubland,Fire Regime Group IV
31,56,Wyoming,56029,Park County,-1049561.759,2410593.31,10.661,2212.135254,120.4855576,7.817354679,-4.664190292,0.25555557,442.33255,4.186666489,0.417176396,56.71313095,5,4,Shrubland,Fire Regime Group IV
277,56,Wyoming,56045,Weston County,-677536.8498,2380253.999,5.6,1417.859497,190.2633057,4.096918583,1.401656866,0.306262612,434.789917,6.454444408,0.489788592,57.88586044,5,4,Shrubland,Fire Regime Group IV
221,56,Wyoming,56001,Albany County,-796491.6316,2103336.129,4.01,2178.81665,204.0095673,1.209943533,-0.955271423,0.319999993,327.1208801,5.019322872,0.330301374,36.74062347,5,4,Shrubland,Fire Regime Group IV
23,56,Wyoming,56013,Fremont County,-1092785.747,2373651.969,7.726,2491.624023,162.3721313,10.14859009,4.494569302,0.319999993,490.1190491,2.223888874,0.475971401,56.04444504,5,4,Shrubland,Fire Regime Group IV
17,56,Wyoming,56029,Park County,-1106433.249,2518794.479,7.114,2495.733887,204.7928925,20.31998825,-7.61093235,0.103030302,651.2592163,1.137828231,0.543211997,48.24848557,5,4,Shrubland,Fire Regime Group IV
222,56,Wyoming,56001,Albany County,-791779.6268,2116682.149,2.653,2168.414307,162.8177185,1.331408381,0.359174877,0.319999993,342.463501,5.00161314,0.304574579,50.61505508,5,4,Shrubland,Fire Regime Group IV
137,56,Wyoming,56025,Natrona County,-911365.179,2233946.739,1.13,1986.571533,175.594574,4.573308945,1.805906773,0.260937512,261.5091248,6.232395649,0.218770355,33.08124924,5,4,Shrubland,Fire Regime Group IV
116,56,Wyoming,56007,Carbon County,-960282.9531,2126017.55,6.19,2182.328613,195.2650909,4.020243645,-2.2479949,0.32249999,316.8352051,5.419700146,0.275611252,50.3769989,5,4,Shrubland,Fire Regime Group IV
131,56,Wyoming,56007,Carbon County,-929461.3437,2167171.72,1.46,2043.558228,149.3292084,3.754749537,-1.085454226,0.312886596,262.7051086,5.880412579,0.17308946,47.21752548,5,4,Shrubland,Fire Regime Group IV
15,56,Wyoming,56035,Sublette County,-1157932.173,2294266.24,3.021,2295.395996,146.3471375,4.190437317,1.689725041,0.329574466,358.0244141,1.447872281,0.377197832,57.88085175,5,4,Shrubland,Fire Regime Group IV
178,56,Wyoming,56007,Carbon County,-864938.693,2113905.959,10.076,2432.19873,164.0707245,7.148744106,4.533101559,0.255806446,478.6510925,3.399247408,0.523055255,42.42687988,5,4,Shrubland,Fire Regime Group IV
170,56,Wyoming,56025,Natrona County,-858834.5739,2275496.529,1.015,1658.733765,172.1125336,1.846734643,-0.382503182,0.312222213,324.9333496,7.444696903,0.287773132,44.81111145,5,4,Shrubland,Fire Regime Group IV
118,56,Wyoming,56013,Fremont County,-943770.6424,2233976.65,0.645,1994.089966,185.084671,3.083681345,-1.454293966,0.279795915,268.5062561,5.916581631,0.200428322,35.15612411,5,4,Shrubland,Fire Regime Group IV
128,56,Wyoming,56043,Washakie County,-917213.9835,2349481.46,11.615,1631.555298,192.4636383,6.854818344,1.969016433,0.3389,378.262207,6.826449871,0.298177838,61.61800003,5,4,Shrubland,Fire Regime Group IV
104,35,New Mexico,35045,San Juan County,-1042354.794,1532291.41,2.459,2058.539063,173.8257294,2.982291222,-0.188502803,0.101717174,262.9281006,9.232777596,0.187527359,46.03434372,5,4,Shrubland,Fire Regime Group IV
176,56,Wyoming,56007,Carbon County,-870983.4042,2089387.57,9.51,2511.972412,223.6387939,7.361341953,3.295280933,0.232121214,579.6307983,3.048888922,0.628041446,39.87070847,5,4,Shrubland,Fire Regime Group IV
218,35,New Mexico,35055,Taos County,-853378.7236,1576828.27,3.537,2316.311035,163.4505463,1.806293011,0.250900894,0.235744685,288.1150513,6.525266171,0.210098475,59.97446823,5,4,Shrubland,Fire Regime Group IV
21,56,Wyoming,56035,Sublette County,-1123835.998,2242060.179,3.02,2164.801025,169.6902008,1.853492141,1.027396679,0.319999993,255.2162933,2.135816336,0.18942222,39.55918503,5,4,Shrubland,Fire Regime Group IV
48,56,Wyoming,56013,Fremont County,-1037249.594,2246140.679,8.791,2465.521973,136.4089966,10.10852718,8.48152256,0.106701031,489.2418823,2.535979271,0.531961083,58.14123535,5,4,Shrubland,Fire Regime Group IV
39,35,New Mexico,35031,McKinley County,-1156475.765,1469730.179,3.314,2064.717285,170.5182037,3.310839176,1.727306128,0.225050509,296.3489075,9.537120819,0.204391703,31.75050545,5,4,Shrubland,Fire Regime Group IV
193,56,Wyoming,56007,Carbon County,-832100.9079,2176791.319,3.595,2122.087646,159.6574707,2.320676804,-2.363741159,0.319999993,315.0387878,4.72510004,0.239986286,50.12200165,5,4,Shrubland,Fire Regime Group IV
65,56,Wyoming,56013,Fremont County,-1016146.193,2278446.759,1.841,1656.320801,181.4736481,3.64962554,1.588556767,0.319999993,292.7969971,6.751989841,0.239042446,51.17856979,5,4,Shrubland,Fire Regime Group IV
95,56,Wyoming,56013,Fremont County,-959006.1703,2319763.499,0.355,1822.323975,187.5120087,5.950813293,-3.61685586,0.277272731,243.4412079,6.608737469,0.199216351,39.84848404,5,4,Shrubland,Fire Regime Group IV
25,56,Wyoming,56035,Sublette County,-1102887.181,2253475.699,3.796,2210.158936,148.8073883,1.718361616,0.760057747,0.281199992,286.1734924,1.888749957,0.232445523,34.36299896,5,4,Shrubland,Fire Regime Group IV
1,56,Wyoming,56041,Uinta County,-1246454.293,2103947.82,15.763,2229.078613,159.1877441,5.671614647,-0.085723579,0.319999993,468.3244934,4.595168591,0.413938969,64.84269714,5,4,Shrubland,Fire Regime Group IV
12,56,Wyoming,56035,Sublette County,-1168210.059,2322552.119,15.595,2336.803711,171.2348938,10.7013855,1.5493716,0.074421056,503.957428,1.738368392,0.682571113,44.2915802,5,4,Shrubland,Fire Regime Group IV
163,56,Wyoming,56007,Carbon County,-892277.4222,2072548.159,1.408,2334.02417,143.3280945,6.146241188,-1.456227064,0.259325832,355.4590149,4.658426762,0.489613891,45.60674286,5,4,Shrubland,Fire Regime Group IV
79,8,Colorado,8077,Mesa County,-1045562.156,1878055.159,0.736,1649.893311,134.4573059,9.399725914,-2.540087223,0.319120884,298.2607727,10.26538467,0.278514802,53.09450531,5,4,Shrubland,Fire Regime Group IV
40,56,Wyoming,56017,Hot Springs County,-1031537.783,2369649.05,5.803,2329.92041,143.4665985,12.04533386,-5.340531826,0.165959597,441.7564697,4.183131218,0.381312042,57.16868591,5,4,Shrubland,Fire Regime Group IV
162,56,Wyoming,56007,Carbon County,-887395.8731,2116468.029,3.134,2141.247314,187.7428436,2.088098049,-0.132986262,0.284399986,286.915802,5.530650139,0.358321786,42.77899933,5,4,Shrubland,Fire Regime Group IV
36,56,Wyoming,56029,Park County,-1024955.984,2440317.31,4.034,1712.37793,147.977066,5.391941071,-0.04758827,0.319999993,280.7713928,6.500416756,0.283034265,50.33124924,5,4,Shrubland,Fire Regime Group IV
167,56,Wyoming,56007,Carbon County,-871729.2841,2163653.599,2.379,2095.52832,198.2782898,4.729340076,-4.757287502,0.318775505,308.8486023,5.808469296,0.226454243,50.3571434,5,4,Shrubland,Fire Regime Group IV
102,56,Wyoming,56043,Washakie County,-939375.1111,2373584.58,1.764,1421.714355,175.2415009,4.375505924,-2.117395163,0.370000005,290.0140076,7.404099941,0.212163776,56.20000076,5,4,Shrubland,Fire Regime Group IV
136,35,New Mexico,35043,Sandoval County,-1004803.74,1445492.229,3.915,1981.618164,128.3871918,7.504547119,-3.81141758,0.199699998,290.1477356,10.02245045,0.229580045,48.24000168,5,4,Shrubland,Fire Regime Group IV
28,56,Wyoming,56013,Fremont County,-1070776.797,2371892.089,4.472,2588.740723,189.2020569,12.98538017,-0.577454388,0.322020203,474.6119385,1.951212049,0.45543623,55.21414185,5,4,Shrubland,Fire Regime Group IV
26,56,Wyoming,56037,Sweetwater County,-1104506.16,2206106.11,2.24,2027.330566,150.2780914,0.895840585,0.215404332,0.291382968,207.0542603,3.394042492,0.262170672,37.18510818,5,4,Shrubland,Fire Regime Group IV
84,56,Wyoming,56013,Fremont County,-986913.4941,2254949.5,4.909,2047.170776,161.066452,4.708840847,4.639798164,0.327499986,309.5248108,5.754449844,0.278331727,43.45600128,5,4,Shrubland,Fire Regime Group IV
2,56,Wyoming,56023,Lincoln County,-1211984.553,2305425.97,15.883,1889.400146,156.8785553,8.913811684,4.559131622,0.261212111,536.3521729,3.859924316,0.693953156,72.00454712,5,4,Shrubland,Fire Regime Group IV
96,56,Wyoming,56013,Fremont County,-962637.1429,2273155.92,1.49,1740.75647,186.9107056,2.759902477,0.172324717,0.370000005,229.827774,6.57490015,0.222023144,48.6230011,5,4,Shrubland,Fire Regime Group IV
98,35,New Mexico,35045,San Juan County,-1052246.054,1526283.079,1.293,1970.157715,202.8996277,2.354853392,-0.108235329,0.340909094,247.37323,9.662676811,0.153097853,43.82020187,5,4,Shrubland,Fire Regime Group IV
58,35,New Mexico,35006,Cibola County,-1143160.342,1384256.85,2.768,2152.38623,181.4364471,2.870889425,-1.302934051,0.214141414,357.8802185,9.070858955,0.242126673,38.5242424,5,5,Shrubland,Fire Regime Group V
90,35,New Mexico,35045,San Juan County,-1070799.768,1527464.418,0.949,1864.31189,183.6767578,2.968067169,0.071131162,0.251599997,233.6766968,10.2986002,0.142433494,44.76200104,5,5,Shrubland,Fire Regime Group V
171,35,New Mexico,35013,Dowa Ana County,-990788.3501,1096077.729,1.016,1409.631836,250.1024017,1.717004657,-4.20728302,0.291333348,293.8746643,15.98961067,0.191852242,50.84999847,5,133,Shrubland,Indeterminate FRG
148,35,New Mexico,35051,Sierra County,-1010069.716,1183613.389,0.64,1594.094604,250.3361969,1.376445532,-0.888983905,0.206300005,290.6307068,14.03594971,0.189780757,35.99200058,5,133,Shrubland,Indeterminate FRG
449,20,Kansas,20019,Chautauqua County,-19769.53004,1552489.359,5.388,277.6633606,168.1042938,2.923674822,-0.422671407,0.375068486,1013.70343,14.15246582,0.729283452,62.83972549,6,1,Herbaceous,Fire Regime Group I
175,56,Wyoming,56019,Johnson County,-835526.0617,2419958.17,6.123,1382.457153,180.3018494,6.559945107,2.988004684,0.319999993,350.4103088,7.243100166,0.34973678,55.82400131,6,2,Herbaceous,Fire Regime Group II
317,35,New Mexico,35021,Harding County,-688764.7965,1423988.249,1.174,1313.987915,197.0122223,1.252177596,1.17921257,0.1734,414.9378967,13.59955025,0.301019162,18.98500061,6,2,Herbaceous,Fire Regime Group II
439,20,Kansas,20201,Washington County,-83020.55971,1843762.409,11.327,423.2229919,164.3968201,1.652055025,0.427825183,0.370000005,797.2719116,11.89585018,0.62731725,75.28399658,6,2,Herbaceous,Fire Regime Group II
394,20,Kansas,20065,Graham County,-350131.7862,1821475.969,1.97,744.1821289,142.2647247,2.306552887,0.895786524,0.319999993,561.6275635,11.47791195,0.509786665,77.25384521,6,2,Herbaceous,Fire Regime Group II
280,35,New Mexico,35011,De Baca County,-773952.1784,1293523.858,0.998,1393.135132,139.5230713,1.394305468,0.489281863,0.277200013,364.8742065,14.08380032,0.265142441,25.94499969,6,2,Herbaceous,Fire Regime Group II
278,8,Colorado,8005,Arapahoe County,-722566.3643,1876565.559,4.717,1822.165527,156.6574097,2.714053154,1.245930195,0.280947357,470.237854,9.39621067,0.396961272,51.07263184,6,2,Herbaceous,Fire Regime Group II
424,20,Kansas,20029,Cloud County,-146024.4398,1825628.36,7.719,469.864563,187.0672913,2.083795547,0.596356511,0.341428578,753.0570068,11.79918385,0.585410714,80.56326294,6,2,Herbaceous,Fire Regime Group II
443,20,Kansas,20015,Butler County,-61557.96038,1611890.339,15.443,433.2064209,170.8034363,1.360996485,0.043612868,0.388297886,909.098877,13.51260662,0.673776269,81.97766113,6,2,Herbaceous,Fire Regime Group II
313,35,New Mexico,35005,Chaves County,-723093.8634,1178081.559,1.085,1280.345215,209.7858276,1.434912205,-0.250103027,0.200000003,393.7590942,14.63624954,0.271942288,28.74900055,6,2,Herbaceous,Fire Regime Group II
330,8,Colorado,8089,Otero County,-642451.0675,1713758.369,1.897,1292.610718,155.2926483,1.031368613,-0.756898463,0.3011702,325.1278381,11.62382984,0.25971505,66.92446899,6,2,Herbaceous,Fire Regime Group II
275,56,Wyoming,56045,Weston County,-683761.5163,2342829.289,3.105,1285.998901,163.3352203,2.302468061,0.342358887,0.319999993,331.5783997,7.554349899,0.352596849,42,6,2,Herbaceous,Fire Regime Group II
440,20,Kansas,20015,Butler County,-80834.23039,1624045.42,8.366,387.9332886,157.4149628,1.187462449,-0.343532622,0.3578161,924.5714722,13.658391,0.666455388,84.50115204,6,2,Herbaceous,Fire Regime Group II
352,8,Colorado,8125,Yuma County,-572691.8064,1873613.819,12.132,1326.947266,157.9876709,1.106243253,-0.170281753,0.209090903,443.7326355,10.07313156,0.433712691,27.15757561,6,2,Herbaceous,Fire Regime Group II
347,8,Colorado,8121,Washington County,-583404.1066,1918748.348,3.48,1331.058105,160.0780792,1.530678153,-0.367511362,0.167171717,432.2693176,9.820252419,0.4193905,13.47474766,6,2,Herbaceous,Fire Regime Group II
442,20,Kansas,20017,Chase County,-68323.04988,1703113.149,16.51,417.4611511,170.6186371,2.616127729,1.172933221,0.359285712,857.4733276,12.89096928,0.690591335,84.37551117,6,2,Herbaceous,Fire Regime Group II
341,35,New Mexico,35009,Curry County,-645168.4268,1340746.279,5.055,1330.67749,141.2685547,2.543166399,0.513849139,0.280824751,459.6533203,13.60809231,0.329684615,51.59896851,6,2,Herbaceous,Fire Regime Group II
369,20,Kansas,20023,Cheyenne County,-493093.9064,1874031.599,1.015,1056.04895,162.6939697,2.283162832,-1.324104786,0.248837203,470.2427063,10.75354671,0.431147814,53.79185867,6,2,Herbaceous,Fire Regime Group II
266,8,Colorado,8055,Huerfano County,-756299.9773,1666293.659,3.211,1817.157104,167.5313873,2.111491919,-0.232886121,0.336145848,417.0122375,10.67557335,0.309722155,70.7427063,6,2,Herbaceous,Fire Regime Group II
252,56,Wyoming,56009,Converse County,-732508.6474,2226256.709,4.392,1500.801392,194.6690521,2.286377907,-0.164715573,0.216999993,347.5136108,7.737400055,0.344278902,34.29100037,6,2,Herbaceous,Fire Regime Group II
353,8,Colorado,8125,Yuma County,-565942.9738,1907399.81,0.708,1271.579468,142.7165985,1.199087143,0.269901872,0.154210523,441.647522,10.13994694,0.464441001,10.70105267,6,2,Herbaceous,Fire Regime Group II
226,56,Wyoming,56005,Campbell County,-751140.1337,2465605.429,16.93,1228.085571,168.116272,3.771915197,1.417310834,0.319999993,409.4318848,7.427899837,0.40025413,50.81900024,6,2,Herbaceous,Fire Regime Group II
189,56,Wyoming,56019,Johnson County,-814508.3715,2392819.559,6.929,1333.421021,153.2598724,4.988440514,-0.244534954,0.319999993,341.8210449,7.219438553,0.267098218,54.54489899,6,2,Herbaceous,Fire Regime Group II
281,56,Wyoming,56015,Goshen County,-692121.9309,2192045.4,1.395,1489.389526,161.7070007,2.323575497,-0.07373742,0.262600005,348.8674927,7.70664978,0.362545192,45.49599838,6,2,Herbaceous,Fire Regime Group II
286,8,Colorado,8123,Weld County,-703071.7364,1976692.098,4.517,1457.200317,167.3928833,1.479925156,0.491366297,0.136631578,345.0541687,9.325631142,0.393404335,20.90736771,6,2,Herbaceous,Fire Regime Group II
441,20,Kansas,20015,Butler County,-74178.92034,1668609.829,12.587,439.6960144,177.9108734,1.192721605,1.24753654,0.345555544,871.8673096,13.03905582,0.663042009,83.34444427,6,2,Herbaceous,Fire Regime Group II
264,8,Colorado,8035,Douglas County,-742818.0793,1826295.959,8.221,2224.419189,177.7469635,3.94675231,2.015228271,0.100000001,532.8913574,6.996881485,0.492245644,41.20000076,6,2,Herbaceous,Fire Regime Group II
359,8,Colorado,8099,Prowers County,-562393.6058,1677025.299,8.05,1184.781738,143.0796967,1.468144894,0.317078203,0.370000005,395.2409973,11.91399956,0.305360764,82.30000305,6,2,Herbaceous,Fire Regime Group II
400,20,Kansas,20195,Trego County,-314780.49,1785591.709,4.83,699.0772095,158.0722504,1.628158092,0.028051348,0.31695652,581.9840088,11.75282574,0.444095701,74.51630402,6,2,Herbaceous,Fire Regime Group II
434,20,Kansas,20173,Sedgwick County,-114548.5896,1640173.519,4.678,426.1737061,177.6400604,1.034561634,-0.560392857,0.289870143,830.220459,13.50772762,0.589075387,80.89090729,6,2,Herbaceous,Fire Regime Group II
261,8,Colorado,8041,El Paso County,-755470.8441,1803317.13,6.536,2049.090088,194.4580078,4.397823334,-0.971242547,0.145652175,494.8096619,8.273913383,0.444519132,35.13478088,6,2,Herbaceous,Fire Regime Group II
284,8,Colorado,8005,Arapahoe County,-715564.6084,1875277.679,2.23,1758.679443,170.4739227,1.79806757,-0.810913026,0.26867348,439.7218628,9.526071548,0.348820806,49.21734619,6,2,Herbaceous,Fire Regime Group II
451,20,Kansas,20149,Pottawatomie County,-15001.31999,1805272.839,6.6,327.3881531,189.4347382,2.726677418,-0.042385288,0.355976999,893.496521,12.47747135,0.73172164,79.90459442,6,2,Herbaceous,Fire Regime Group II
262,8,Colorado,8041,El Paso County,-751580.1683,1770211.279,11.589,1810.279907,129.5137329,3.796578884,-0.53571564,0.292282611,421.2796631,10.06978226,0.365856677,70.33261108,6,2,Herbaceous,Fire Regime Group II
367,8,Colorado,8017,Cheyenne County,-527997.074,1788544.37,6.334,1215.990112,143.5032654,1.484816074,-0.268597543,0.291958749,434.061676,10.63515472,0.442204922,69.74330139,6,2,Herbaceous,Fire Regime Group II
324,35,New Mexico,35025,Lea County,-703846.8009,1099565.449,5.16,1217.92688,151.8880463,1.328278422,0.278070927,0.193571433,390.21521,15.45525551,0.279750466,46.90714264,6,2,Herbaceous,Fire Regime Group II
358,8,Colorado,8009,Baca County,-570782.5959,1642738.279,4.569,1317.916504,146.4872437,1.854966521,0.250002652,0.370000005,417.8522339,11.94062519,0.334431887,68.08333588,6,2,Herbaceous,Fire Regime Group II
389,20,Kansas,20055,Finney County,-376075.0519,1690585,5.26,799.4375,143.393692,1.709207773,-0.510423124,0.319999993,530.8222656,12.32347393,0.437354654,73,6,2,Herbaceous,Fire Regime Group II
307,8,Colorado,8089,Otero County,-695174.2886,1677616.649,2.359,1423.714844,159.5315399,1.236762762,0.02485165,0.241999999,327.0856934,11.66825008,0.26537481,49.43500137,6,2,Herbaceous,Fire Regime Group II
336,8,Colorado,8071,Las Animas County,-631808.1545,1598299.209,4.492,1620.743896,130.3647003,3.420188904,-0.832008243,0.291818172,405.1872864,10.59787846,0.338653505,62.89495087,6,2,Herbaceous,Fire Regime Group II
37,35,New Mexico,35023,Hidalgo County,-1219348.441,1019863.239,3.568,1591.180908,170.9076385,2.513181925,-3.156573296,0.103600003,424.9837952,14.27880001,0.243449926,59.17399979,6,2,Herbaceous,Fire Regime Group II
294,35,New Mexico,35019,Guadalupe County,-743285.5814,1377922.169,3.047,1414.678345,161.1263123,2.880153179,2.521886587,0.32190001,401.1567993,13.77439976,0.266099393,44.5,6,2,Herbaceous,Fire Regime Group II
302,56,Wyoming,56015,Goshen County,-672528.2008,2091830.419,4.974,1442.376221,133.8195496,2.074910402,0.268126607,0.299042553,415.7359009,8.59010601,0.405050755,37.92021179,6,2,Herbaceous,Fire Regime Group II
235,56,Wyoming,56005,Campbell County,-742845.6134,2416464.179,7.046,1355.114136,179.7253265,3.319686174,-0.177604824,0.320499986,401.0140076,7.188849926,0.413841873,39.68199921,6,2,Herbaceous,Fire Regime Group II
232,56,Wyoming,56009,Converse County,-760513.828,2304399.209,6.423,1484.407959,173.6422882,2.215788126,-0.965521514,0.319999993,329.37146,7.38882637,0.319043934,40.32551193,6,2,Herbaceous,Fire Regime Group II
257,35,New Mexico,35033,Mora County,-795275.6193,1450984.609,6.088,1983.726807,153.1221924,2.43729043,-1.229195356,0.35374999,465.3496399,9.48197937,0.339027196,62.73749924,6,2,Herbaceous,Fire Regime Group II
246,56,Wyoming,56031,Platte County,-751872.1534,2149318.61,5.009,1561.74939,138.082428,4.469407558,-2.700242758,0.149090916,369.6527405,8.056969643,0.376411051,31.43030357,6,2,Herbaceous,Fire Regime Group II
418,20,Kansas,20105,Lincoln County,-181367.2997,1800151.47,14.082,446.2778015,147.8443146,2.601210117,-0.765730321,0.319999993,715.0527344,12.23644352,0.53831166,79.70928192,6,2,Herbaceous,Fire Regime Group II
297,56,Wyoming,56015,Goshen County,-675431.9913,2116206.279,6.979,1354.376587,149.9687805,1.576267362,-0.708830059,0.257628858,389.4861145,8.795876503,0.384414405,33.20721817,6,2,Herbaceous,Fire Regime Group II
349,8,Colorado,8061,Kiowa County,-594698.6393,1749774.469,3.446,1338.124756,136.8322906,1.147000909,0.029894719,0.114583336,389.1080627,10.64317703,0.369917333,23.91875076,6,2,Herbaceous,Fire Regime Group II
323,8,Colorado,8073,Lincoln County,-653282.5457,1752158.119,3.075,1499.300171,178.339386,1.419889331,1.048844576,0.323684216,340.256897,10.28852654,0.264569998,61.38420868,6,2,Herbaceous,Fire Regime Group II
304,8,Colorado,8041,El Paso County,-692546.0906,1798950.649,5.699,1928.312378,122.3739777,2.369042397,-0.320112914,0.170000002,425.2857361,8.127263069,0.378745168,31.89999962,6,2,Herbaceous,Fire Regime Group II
183,56,Wyoming,56033,Sheridan County,-814182.3189,2458983.9,18.814,1238.434082,167.1174011,6.607188225,1.621078014,0.319999993,379.6729126,7.546700954,0.372774959,60.7350502,6,2,Herbaceous,Fire Regime Group II
431,20,Kansas,20143,Ottawa County,-131518.53,1793353.449,5.571,418.8719177,186.5762177,1.76723516,-0.070267402,0.369479179,782.9036255,12.73932266,0.581634164,77.29374695,6,2,Herbaceous,Fire Regime Group II
309,35,New Mexico,35021,Harding County,-706384.2284,1480275.458,4.971,1732.86731,139.9875336,1.862757087,-0.788864672,0.349999994,409.6495972,10.78065014,0.2944161,66.23999786,6,2,Herbaceous,Fire Regime Group II
311,8,Colorado,8039,Elbert County,-672086.613,1852833.46,9.1,1682.100464,167.9397278,1.977341056,0.96739012,0.305806458,409.3686829,9.131343842,0.383195162,58.71505356,6,2,Herbaceous,Fire Regime Group II
314,35,New Mexico,35005,Chaves County,-725095.6104,1146413.839,0.408,1298.654541,208.2095642,1.716193557,-0.02701824,0.200000003,393.8974915,14.73075008,0.275360823,39.19800186,6,2,Herbaceous,Fire Regime Group II
276,8,Colorado,8041,El Paso County,-732067.6466,1799837.709,6.384,2105.484619,148.6639557,1.603163719,1.489296794,0.119999997,500.9042664,7.5748353,0.384697109,33.97362518,6,2,Herbaceous,Fire Regime Group II
288,56,Wyoming,56015,Goshen County,-683147.7226,2146084.17,6.817,1304.060425,169.0549011,1.923714161,-0.027059987,0.372783512,360.4321899,8.812783241,0.43072331,48.2319603,6,2,Herbaceous,Fire Regime Group II
287,56,Wyoming,56021,Laramie County,-692528.3119,2049143.079,2.126,1679.814697,133.3787994,1.701169372,0.329807252,0.227395833,390.91922,8.031719208,0.408997059,46.52500153,6,2,Herbaceous,Fire Regime Group II
273,35,New Mexico,35007,Colfax County,-760560.3125,1535464.79,7.746,1841.826294,137.8275757,1.273437381,-0.699582577,0.430000007,404.4323425,9.717311859,0.340306938,72.85161591,6,2,Herbaceous,Fire Regime Group II
245,35,New Mexico,35047,San Miguel County,-824899.7468,1425187.508,4.084,1958.537598,178.6333466,6.340496063,-2.214991808,0.279687494,457.10672,9.814739227,0.388280451,55.63958359,6,2,Herbaceous,Fire Regime Group II
238,35,New Mexico,35047,San Miguel County,-837464.0837,1407422.949,2.884,1810.943481,146.4248962,4.520423412,0.462189853,0.1162,423.6756897,10.81235027,0.319540769,40.87200165,6,2,Herbaceous,Fire Regime Group II
423,20,Kansas,20053,Ellsworth County,-169866.1201,1731864.029,7.515,456.9073181,170.752182,1.891853809,-0.894546449,0.284044951,740.4815674,12.66174126,0.610842884,68.09887695,6,2,Herbaceous,Fire Regime Group II
355,8,Colorado,8009,Baca County,-582685.9206,1614576.58,4.086,1367.865479,133.326416,1.343380928,0.306645364,0.319782615,431.5834656,12.03663063,0.322731376,65.43151855,6,2,Herbaceous,Fire Regime Group II
241,56,Wyoming,56009,Converse County,-747482.811,2306379.36,3.57,1421.152466,167.3039856,3.184599161,1.83081007,0.317600012,327.8369141,7.421599865,0.27122131,49.50500107,6,2,Herbaceous,Fire Regime Group II
438,20,Kansas,20041,Dickinson County,-86549.84016,1763984.159,9.48,372.8765259,161.5170593,2.13647294,1.071723819,0.319999993,856.6783447,12.76634407,0.586991906,83.70537567,6,2,Herbaceous,Fire Regime Group II
306,8,Colorado,8039,Elbert County,-682257.4858,1853222.179,3.067,1708.984131,135.8224487,2.598118782,1.046590924,0.284948468,414.9546814,9.060824394,0.383566409,53.00618744,6,2,Herbaceous,Fire Regime Group II
299,8,Colorado,8101,Pueblo County,-707763.5692,1727520.029,1.11,1432.050415,172.2220917,2.085021734,0.780691028,0.228387102,283.2594299,11.16994667,0.246242076,47.03333282,6,2,Herbaceous,Fire Regime Group II
310,8,Colorado,8025,Crowley County,-683009.5661,1725972.558,1.665,1400.323975,138.1534424,1.27710557,0.35671407,0.229183674,295.1208496,11.29918385,0.256471664,44.14387894,6,2,Herbaceous,Fire Regime Group II
217,56,Wyoming,56009,Converse County,-782733.2108,2295086.82,3.489,1615.220093,158.1968842,3.082427502,0.041204676,0.319999993,324.5169678,6.838737488,0.34646821,35.00909042,6,2,Herbaceous,Fire Regime Group II
411,20,Kansas,20183,Smith County,-220837.3197,1882612.91,4.287,598.574707,162.0473785,2.069401264,-0.536091745,0.319999993,661.524292,11.03677464,0.583163798,87.42795563,6,2,Herbaceous,Fire Regime Group II
414,20,Kansas,20089,Jewell County,-204767.4101,1860226.47,18.062,533.5730591,168.2296753,1.951879144,-0.440668106,0.319999993,684.5789185,11.21351624,0.556147873,86.20330048,6,2,Herbaceous,Fire Regime Group II
191,56,Wyoming,56033,Sheridan County,-802878.8217,2484183.809,11.049,1229.811035,174.0249329,5.013376713,-0.120323949,0.319999993,404.3808899,7.690400124,0.408586591,56.6780014,6,2,Herbaceous,Fire Regime Group II
220,56,Wyoming,56005,Campbell County,-763863.2732,2428371.25,4.778,1328.481079,167.1167145,4.21553421,-1.488706708,0.319999993,393.6943054,7.343949795,0.392979741,54.37099838,6,2,Herbaceous,Fire Regime Group II
332,35,New Mexico,35009,Curry County,-664718.6975,1323947.468,2.519,1395.630371,160.1567841,1.122055769,1.045879006,0.307755113,455.7088013,13.59239769,0.318917453,58.14081573,6,2,Herbaceous,Fire Regime Group II
334,35,New Mexico,35025,Lea County,-671741.1444,1138061.319,4.861,1188.688477,150.4340057,1.050541401,0.059854481,0.276938766,419.7037048,15.04729557,0.330886126,53.94897842,6,2,Herbaceous,Fire Regime Group II
272,56,Wyoming,56015,Goshen County,-706170.0301,2143212.999,6.309,1379.185181,135.9044342,1.852187276,-0.365182996,0.32069999,363.7835999,8.657299995,0.335481733,31.89999962,6,2,Herbaceous,Fire Regime Group II
345,35,New Mexico,35059,Union County,-625687.4494,1533536.589,2.586,1469.530151,137.918396,1.437999845,-0.378015518,0.293636352,420.5798035,11.81823254,0.351200938,51.304039,6,2,Herbaceous,Fire Regime Group II
239,56,Wyoming,56005,Campbell County,-741657.5579,2381714.589,5.478,1402.677612,172.5931396,3.598258257,-0.354563445,0.329090923,385.1542664,7.049494743,0.347912341,41.98484802,6,2,Herbaceous,Fire Regime Group II
293,35,New Mexico,35011,De Baca County,-749538.4278,1312226.789,1.139,1340.006348,177.5037994,2.023608208,-0.13866137,0.24818182,386.6948547,14.2928791,0.278436005,29.34545517,6,2,Herbaceous,Fire Regime Group II
289,56,Wyoming,56027,Niobrara County,-671757.452,2262652.339,7.292,1292.975708,167.9779663,2.938093662,0.749709904,0.348850578,439.3497009,7.870459557,0.386142641,72.22758484,6,2,Herbaceous,Fire Regime Group II
242,56,Wyoming,56009,Converse County,-748159.1378,2280275.009,2.352,1442.587524,177.0787201,1.359321237,-1.067505479,0.319999993,326.0086975,7.558131218,0.31223017,44.98686981,6,2,Herbaceous,Fire Regime Group II
295,8,Colorado,8071,Las Animas County,-722161.4492,1611583.469,16.147,1715.686646,151.1986542,1.637153149,0.858479381,0.337741941,352.6427612,11.0504837,0.274126977,68.12365723,6,2,Herbaceous,Fire Regime Group II
187,56,Wyoming,56019,Johnson County,-821484.9874,2357205.47,4.518,1369.875366,146.4677734,2.563859224,0.916525066,0.319999993,342.4179382,7.394052505,0.28529188,50.52000046,6,2,Herbaceous,Fire Regime Group II
303,56,Wyoming,56021,Laramie County,-671964.1211,2056624.599,3.445,1583.133789,144.0437012,1.594504714,-0.798921406,0.277083337,383.3316956,8.243385315,0.422314763,41.32395935,6,2,Herbaceous,Fire Regime Group II
420,20,Kansas,20095,Kingman County,-182261.5902,1607112.099,4.358,478.3442993,154.6984253,1.492005587,-1.12489295,0.315161288,777.3067627,14.0244627,0.557419181,49.48602295,6,2,Herbaceous,Fire Regime Group II
450,20,Kansas,20111,Lyon County,-16475.33042,1691692.319,9.126,367.7178345,155.2165222,1.271922231,-0.274296135,0.370860219,932.7252197,12.64747334,0.68952316,79.80537415,6,2,Herbaceous,Fire Regime Group II
285,56,Wyoming,56027,Niobrara County,-677269.9192,2289486.449,3.329,1193.221069,151.823822,2.903541327,1.731895685,0.300606072,378.7536316,8.081717491,0.338838518,44.4272728,6,2,Herbaceous,Fire Regime Group II
335,35,New Mexico,35037,Quay County,-647856.2902,1419708.839,1.43,1334.156616,165.5557098,1.916359663,0.706298351,0.183799997,428.8611145,13.13409996,0.312738389,33.69800186,6,2,Herbaceous,Fire Regime Group II
258,8,Colorado,8005,Arapahoe County,-750759.1596,1881917.299,1.309,1689.933838,106.511261,2.962572098,-0.2783176,0.247999996,469.2550049,10.05500031,0.471262991,52.13999939,6,2,Herbaceous,Fire Regime Group II
422,20,Kansas,20105,Lincoln County,-172342.4398,1780551.089,8.647,441.8609924,169.3587494,2.483055353,0.384655327,0.319999993,744.1137085,12.36569118,0.586698115,78.99681091,6,2,Herbaceous,Fire Regime Group II
267,8,Colorado,8035,Douglas County,-737680.3665,1864862.848,3.459,1917.902954,156.1463623,2.958293438,1.976331949,0.171666667,493.2025452,8.974277496,0.427538186,32.16888809,6,2,Herbaceous,Fire Regime Group II
292,8,Colorado,8039,Elbert County,-705369.8398,1821323.9,2.397,1909.595825,169.6696625,2.274754047,-0.103741415,0.202812493,454.6656799,8.367135048,0.40374741,50.43125153,6,2,Herbaceous,Fire Regime Group II
198,56,Wyoming,56025,Natrona County,-823011.514,2239871.41,9.451,1691.30188,141.2353058,3.970698118,1.7775805,0.312526315,352.90625,7.466421127,0.361688375,40.10315704,6,2,Herbaceous,Fire Regime Group II
247,35,New Mexico,35019,Guadalupe County,-828308.4787,1356934.429,3.65,1716.546875,146.1100311,3.556485891,0.136934936,0.316000015,381.3569031,12.27114964,0.263083577,48.58599854,6,2,Herbaceous,Fire Regime Group II
301,8,Colorado,8101,Pueblo County,-708176.8405,1703523.219,4.624,1370.270752,162.5812225,1.177685976,-0.600742936,0.278787881,290.2046509,11.56323242,0.269405723,67.48787689,6,2,Herbaceous,Fire Regime Group II
412,20,Kansas,20007,Barber County,-227942.5404,1582605.85,1.249,474.014801,177.43927,1.79126668,-0.365131915,0.292111099,724.2776489,14.16950035,0.531020045,49.72777939,6,2,Herbaceous,Fire Regime Group II
452,20,Kansas,20073,Greenwood County,-14128.91989,1661513.379,9.657,352.0820313,157.4314728,1.632966757,-0.42702657,0.370000005,933.6138306,13.22186184,0.699740767,81.80000305,6,2,Herbaceous,Fire Regime Group II
291,8,Colorado,8123,Weld County,-694988.8006,1960552.019,0.528,1414.187988,164.5146027,1.438867331,0.391737998,0.102727272,350.6599121,9.513586044,0.366635084,9.253535271,6,2,Herbaceous,Fire Regime Group II
356,8,Colorado,8061,Kiowa County,-575312.6843,1713733.259,4.974,1190.883179,160.6103363,1.299599767,0.94482094,0.338823527,383.401001,11.48664665,0.355982542,77.05294037,6,2,Herbaceous,Fire Regime Group II
283,8,Colorado,8123,Weld County,-703541.1086,2020482.289,5.378,1635.208984,133.7167816,1.514538884,-0.303478569,0.19494845,365.1742554,8.4301548,0.380571246,45.8639183,6,2,Herbaceous,Fire Regime Group II
463,20,Kansas,20139,Osage County,38428.81991,1738168.439,8.929,318.7072754,164.0430145,2.423948765,1.362284422,0.355731696,949.8709106,12.62597561,0.715699077,82.71463776,6,2,Herbaceous,Fire Regime Group II
453,20,Kansas,20197,Wabaunsee County,-11429.12019,1776393.159,13.564,373.6366272,159.2849274,3.918823957,-0.305336654,0.319999993,904.7088013,12.27631283,0.702842951,82.09999847,6,2,Herbaceous,Fire Regime Group II
234,56,Wyoming,56005,Campbell County,-739917.0879,2473596.399,6.189,1094.049561,180.8042755,3.288715839,-1.973678946,0.325729162,371.9525452,7.324999809,0.407987505,56.57187653,6,2,Herbaceous,Fire Regime Group II
243,56,Wyoming,56031,Platte County,-759319.4303,2154308.26,3.141,1561.74939,138.082428,4.469407558,-2.700242758,0.149090916,369.6527405,8.056969643,0.376411051,31.43030357,6,2,Herbaceous,Fire Regime Group II
344,8,Colorado,8075,Logan County,-594473.772,1969085.15,4.011,1306.727661,190.9215546,1.493518829,-0.457343131,0.153263152,425.2972107,9.521315575,0.395361334,17.69052696,6,2,Herbaceous,Fire Regime Group II
270,35,New Mexico,35011,De Baca County,-783899.1085,1309447.709,3.243,1460.323975,141.5979004,1.885673523,-0.991123676,0.298000008,357.4660034,13.89599991,0.254650742,31.86199951,6,2,Herbaceous,Fire Regime Group II
212,8,Colorado,8109,Saguache County,-855379.1259,1738117.149,5.051,2620.716064,207.3394012,5.428175449,-10.73035431,0.141428575,329.9515076,4.919489861,0.386822402,53.7857132,6,3,Herbaceous,Fire Regime Group III
190,8,Colorado,8021,Conejos County,-899240.2722,1599043.789,12.02,2692.366699,137.2445831,7.891315937,-0.885177553,0.157604173,451.7411804,4.263020992,0.383159369,55.21458435,6,3,Herbaceous,Fire Regime Group III
111,35,New Mexico,35053,Socorro County,-1070875.54,1252242.939,1.649,2218.294678,152.3511047,5.902544498,2.411052465,0.227200001,386.9603882,9.169249535,0.257729024,41.84700012,6,3,Herbaceous,Fire Regime Group III
74,35,New Mexico,35003,Catron County,-1125271.61,1321475.879,2.229,2214.620361,186.2245026,2.433579683,-0.242468074,0.363499999,326.1304932,8.651399612,0.218748927,47.48500061,6,3,Herbaceous,Fire Regime Group III
211,8,Colorado,8093,Park County,-846269.4192,1849909.199,9.334,3095.490479,135.7722015,6.458922386,-3.668979645,0.149318188,492.2296753,1.536761284,0.477124035,44.11249924,6,3,Herbaceous,Fire Regime Group III
225,8,Colorado,8027,Custer County,-827599.9023,1710145.399,8.902,2649.172119,86.8945694,4.951545715,-12.696311,0.137472525,398.2686768,5.28879118,0.603311419,42.68461609,6,3,Herbaceous,Fire Regime Group III
205,8,Colorado,8109,Saguache County,-862239.8631,1727685.579,2.47,2439.060547,153.8435516,3.570212603,-2.728082418,0.12565656,244.2666168,5.51282835,0.259133458,54.03131485,6,3,Herbaceous,Fire Regime Group III
42,35,New Mexico,35031,McKinley County,-1149338.878,1497023.908,1.646,2050.006592,157.2931213,3.656596661,-2.007000685,0.117399998,258.5541077,10.17354965,0.169441774,48.33300018,6,4,Herbaceous,Fire Regime Group IV
117,8,Colorado,8111,San Juan County,-1010133.883,1704769.11,10.993,3618.02417,165.9919128,26.10416222,16.70625687,0.05468085,1128.114502,-0.591063797,0.454393744,23.5861702,6,5,Herbaceous,Fire Regime Group V
53,56,Wyoming,56029,Park County,-1000672.821,2476766.15,2.045,1393.467529,129.1558228,3.98260808,-1.577130675,0.368499994,205.0567932,7.421649933,0.187697977,55.72200012,6,133,Herbaceous,Indeterminate FRG
459,20,Kansas,20207,Woodson County,23182.43028,1657455.579,14.977,326.1619568,161.5198059,1.388623476,-0.251866877,0.354651153,1043.991333,13.34668636,0.722290516,75.1162796,7,2,Planted/Cultivated,Fire Regime Group II
322,8,Colorado,8087,Morgan County,-637569.9463,1954721.838,3.435,1303.09436,134.3344727,1.282466412,-0.360342771,0.166951224,384.1799622,9.675183296,0.510189116,30.64878082,7,2,Planted/Cultivated,Fire Regime Group II
391,20,Kansas,20063,Gove County,-356599.0501,1782748.419,5.37,782.8870239,159.3982697,1.182988644,0.053166378,0.319999993,570.2481689,11.52042103,0.458886147,82.05789185,7,2,Planted/Cultivated,Fire Regime Group II
437,20,Kansas,20041,Dickinson County,-91677.17986,1742552.679,6.23,409.5541077,165.1920624,1.716577172,0.090570092,0.319999993,857.192749,12.77774239,0.549560785,83,7,2,Planted/Cultivated,Fire Regime Group II
404,20,Kansas,20097,Kiowa County,-290632.0099,1626118.769,0.462,699.2559814,141.9971466,0.976019144,-0.355791897,0.228736848,637.2529907,12.84326363,0.527522802,45.08842087,7,2,Planted/Cultivated,Fire Regime Group II
392,20,Kansas,20057,Ford County,-362063.1324,1652025.799,5.737,808.7618408,152.3935394,0.753047287,0.384893477,0.367474735,561.0895996,12.43833351,0.394034714,80.51717377,7,2,Planted/Cultivated,Fire Regime Group II
419,20,Kansas,20077,Harper County,-186169.9004,1560048.289,4.002,414.6341248,164.9907074,1.271191478,0.477106392,0.353369564,809.1932983,14.59913063,0.449849814,84.07065582,7,2,Planted/Cultivated,Fire Regime Group II
458,20,Kansas,20207,Woodson County,17178.91966,1646016.089,16.336,319.1221008,173.4338531,1.88845098,-0.026393581,0.361290336,1019.98999,13.38715076,0.731043339,70.87419128,7,2,Planted/Cultivated,Fire Regime Group II
372,20,Kansas,20199,Wallace County,-488227.978,1763788.319,7.183,1086.937012,130.6230621,0.883993447,0.533352792,0.329263151,476.9575195,11.3362627,0.446605504,87.1631546,7,2,Planted/Cultivated,Fire Regime Group II
282,8,Colorado,8001,Adams County,-714067.4402,1913846.649,2.304,1551.125854,128.0744476,1.301409125,0.268337369,0.300416678,384.4014893,9.79838562,0.331707418,59.16458511,7,2,Planted/Cultivated,Fire Regime Group II
435,20,Kansas,20191,Sumner County,-105231.1796,1570883.669,7.946,355.4572754,171.1113892,1.10919857,0.072262526,0.377499998,852.3725586,14.48038006,0.57764554,72.48587036,7,2,Planted/Cultivated,Fire Regime Group II
254,8,Colorado,8069,Larimer County,-749317.4866,2001681.769,2.784,1650.663574,154.1109619,1.834835291,1.888849616,0.247157902,383.4631958,8.469158173,0.36465326,47.06210709,7,2,Planted/Cultivated,Fire Regime Group II
469,20,Kansas,20013,Brown County,53835.51968,1870124.389,6.433,313.8303223,176.8919983,2.361840725,-0.885888934,0.280000001,927.7701416,11.69946766,0.796992183,88.55212402,7,2,Planted/Cultivated,Fire Regime Group II
410,20,Kansas,20009,Barton County,-230458.5099,1722085.3,11.779,566.4096069,168.0747681,1.035616636,0.014288845,0.403950632,674.9334717,12.88913536,0.523535013,80.1222229,7,2,Planted/Cultivated,Fire Regime Group II
426,20,Kansas,20113,McPherson County,-147565.3103,1700101.2,5.02,458.9194336,166.0015564,0.981584549,0.098810211,0.370000005,812.8511353,13.21453953,0.550418854,79.09999847,7,2,Planted/Cultivated,Fire Regime Group II
259,8,Colorado,8123,Weld County,-745438.9207,1933795.589,11.275,1507.090576,133.7655182,1.302446842,-0.771870553,0.199761897,341.9396057,9.67047596,0.513231218,41.94404602,7,2,Planted/Cultivated,Fire Regime Group II
433,20,Kansas,20079,Harvey County,-115907.4301,1663430.659,7.765,448.5705872,173.1596985,0.932754338,0.027096415,0.368823528,827.8546143,13.41723537,0.526493669,82.13176727,7,2,Planted/Cultivated,Fire Regime Group II
430,20,Kansas,20173,Sedgwick County,-142215.5803,1622060.229,5.4,435.7817688,177.4469147,1.103441119,0.194782823,0.287741929,803.083252,13.74059105,0.493325055,57.49677277,7,2,Planted/Cultivated,Fire Regime Group II
343,8,Colorado,8121,Washington County,-600539.5366,1896742.659,3.852,1429.502563,137.6963959,1.066038489,0.424683928,0.265100002,425.8609009,9.520999908,0.388191253,55.60699844,7,2,Planted/Cultivated,Fire Regime Group II
387,20,Kansas,20101,Lane County,-386377.9358,1702969.379,3.956,851.2306519,167.2877197,1.284581423,0.922723651,0.319999993,517.8667603,12.06242275,0.388672352,75.03504944,7,2,Planted/Cultivated,Fire Regime Group II
357,8,Colorado,8063,Kit Carson County,-557424.7142,1842606.109,6.753,1277.841431,145.3148041,1.787986517,-0.656636477,0.226701036,450.1335449,10.40144348,0.498598099,43.56700897,7,2,Planted/Cultivated,Fire Regime Group II
388,20,Kansas,20039,Decatur County,-376273.4807,1854561.089,4.903,821.1589966,162.820816,1.928120017,-0.887635827,0.319999993,559.8840942,11.04479122,0.489798218,85.52603912,7,2,Planted/Cultivated,Fire Regime Group II
403,20,Kansas,20145,Pawnee County,-305867.5098,1690927.959,10.793,660.0980225,158.4415131,0.989168108,-0.787911355,0.319999993,590.2868042,12.78105259,0.515275896,83.25263214,7,2,Planted/Cultivated,Fire Regime Group II
467,20,Kansas,20013,Brown County,53216.77001,1873968.349,7.5,313.8303223,176.8919983,2.361840725,-0.885888934,0.280000001,927.7701416,11.69946766,0.796992183,88.55212402,7,2,Planted/Cultivated,Fire Regime Group II
461,20,Kansas,20139,Osage County,27833.21022,1739159.649,10.413,333.5476685,174.4058533,1.608993888,-0.666242182,0.384375006,948.8782959,12.60124969,0.73229748,81.07499695,7,2,Planted/Cultivated,Fire Regime Group II
401,20,Kansas,20057,Ford County,-318031.34,1622895.169,6.009,728.6289673,153.9803772,0.963869989,-0.172946319,0.278947383,631.4405518,12.82736874,0.495620817,62.48631668,7,2,Planted/Cultivated,Fire Regime Group II
364,8,Colorado,8095,Phillips County,-526719.2236,1960072.519,4.592,1134.016479,123.4939117,0.930659294,-0.379633427,0.295957446,465.6961365,10.00196838,0.573912621,54.87659454,7,2,Planted/Cultivated,Fire Regime Group II
445,20,Kansas,20161,Riley County,-46497.44963,1789725.609,13.335,350.5293274,145.809494,3.305817604,-1.522260189,0.321126759,874.1015015,12.51739407,0.711380064,76.22676086,7,2,Planted/Cultivated,Fire Regime Group II
390,20,Kansas,20039,Decatur County,-364313.8566,1868653.499,5.171,790.6467285,135.2474823,1.789128542,-0.064815454,0.319999993,557.4978027,10.91898918,0.47734651,85.92127991,7,2,Planted/Cultivated,Fire Regime Group II
416,20,Kansas,20123,Mitchell County,-199103.0101,1834914.249,7.239,453.7666626,156.5876465,1.253076673,-0.151149616,0.319999993,682.2653198,11.73777771,0.530182838,81.56296539,7,2,Planted/Cultivated,Fire Regime Group II
472,20,Kansas,20043,Doniphan County,83927.82014,1866270.949,4.488,298.0536804,173.3465118,3.145534277,1.119381905,0.287956983,935.52948,11.80263424,0.773537636,89.83441162,7,2,Planted/Cultivated,Fire Regime Group II
370,20,Kansas,20075,Hamilton County,-503265.9834,1649113.079,1.03,1038.993896,166.9897766,1.311900854,0.042221736,0.365959585,435.4337463,12.3293438,0.378094524,75.56464386,7,2,Planted/Cultivated,Fire Regime Group II
393,20,Kansas,20057,Ford County,-358894.7241,1631327.07,3.055,794.2210083,144.319397,1.024565339,0.171222806,0.316875011,569.1031494,12.55770874,0.486693203,74.50416565,7,2,Planted/Cultivated,Fire Regime Group II
340,35,New Mexico,35041,Roosevelt County,-650491.572,1269960.159,2.545,1261.498779,162.6478882,0.981586695,0.214424163,0.172244892,452.6441956,13.99341869,0.452881664,20.45102119,7,2,Planted/Cultivated,Fire Regime Group II
384,20,Kansas,20175,Seward County,-414935.4642,1591271.39,5.625,862.3266602,143.7496033,0.876489043,-0.168190002,0.319999993,508.1264343,12.89247417,0.535422146,76.59999847,7,2,Planted/Cultivated,Fire Regime Group II
432,20,Kansas,20041,Dickinson County,-115329.4298,1762918.789,10.157,372.95401,165.3360901,1.564537168,-0.329495013,0.297528088,815.5758667,12.93910122,0.557097614,71.57078552,7,2,Planted/Cultivated,Fire Regime Group II
415,20,Kansas,20053,Ellsworth County,-206822.0198,1723859.659,5.665,542.1763306,134.1867218,0.785101414,-0.183782399,0.319999993,707.1599731,12.94344044,0.474399,80.80000305,7,2,Planted/Cultivated,Fire Regime Group II
368,20,Kansas,20023,Cheyenne County,-500136.9589,1855436.049,3.071,1119.703491,151.5814362,1.170495033,0.191262066,0.319999993,481.4195251,10.61850548,0.450192213,87.80515289,7,2,Planted/Cultivated,Fire Regime Group II
436,20,Kansas,20115,Marion County,-94646.11987,1703930.589,9.957,420.4744873,156.6684418,1.091234565,-0.190132499,0.309870124,851.3656616,12.79590893,0.587176681,81.56493378,7,2,Planted/Cultivated,Fire Regime Group II
455,20,Kansas,20131,Nemaha County,-3065.280336,1861836.969,12.207,373.4152222,181.1127625,2.365212917,-0.141020313,0.363076925,881.5410767,11.7434063,0.723218083,74.25164795,7,2,Planted/Cultivated,Fire Regime Group II
464,20,Kansas,20005,Atchison County,40783.26026,1837866.58,10.728,323.9975891,180.0093079,1.858105779,0.330125213,0.311263144,937.0098877,12.21805286,0.726082504,74.16736603,7,2,Planted/Cultivated,Fire Regime Group II
382,20,Kansas,20081,Haskell County,-441061.8581,1624942.499,5.46,924.6051025,163.1055145,1.178359032,0.237723008,0.313478261,471.3896484,12.59853268,0.484200716,73.26087189,7,2,Planted/Cultivated,Fire Regime Group II
468,20,Kansas,20099,Labette County,55508.12998,1564749.63,13.147,269.3353577,177.4589233,1.011652946,-0.160640657,0.38595745,1115.609253,13.93994713,0.673385859,81.6585083,7,2,Planted/Cultivated,Fire Regime Group II
417,20,Kansas,20159,Rice County,-189603.8799,1705667.94,8.627,518.9393311,186.9005737,0.976250708,-0.465272009,0.329677433,733.1299438,13.10026836,0.526044607,80.87526703,7,2,Planted/Cultivated,Fire Regime Group II
470,20,Kansas,20133,Neosho County,66476.9597,1628505.589,8.78,293.8309326,184.4200745,1.39074862,0.609901011,0.358791202,1098.397339,13.64280224,0.721526146,83.90769196,7,2,Planted/Cultivated,Fire Regime Group II
379,20,Kansas,20109,Logan County,-439294.8069,1757993.419,4.563,925.0328369,148.4635468,1.983184457,-0.414242476,0.319999993,497.4021912,11.64566994,0.419812948,75.19174957,7,2,Planted/Cultivated,Fire Regime Group II
408,20,Kansas,20007,Barber County,-237408.8901,1558240.009,2.274,454.1506653,147.2152557,1.589675307,-0.072069563,0.370000005,719.2316284,14.54500008,0.416710168,81.69999695,7,2,Planted/Cultivated,Fire Regime Group II
380,20,Kansas,20189,Stevens County,-448565.5201,1584295.659,2.541,900.635437,144.4664612,1.016467214,-0.394654453,0.200918362,481.3300171,13.12892818,0.522922873,26.95918274,7,2,Planted/Cultivated,Fire Regime Group II
428,20,Kansas,20169,Saline County,-141635.0699,1757176.229,7.583,393.8743591,148.7806854,1.557891011,0.101380609,0.352531642,805.3238525,12.87145615,0.495669812,82.31771851,7,2,Planted/Cultivated,Fire Regime Group II
397,20,Kansas,20137,Norton County,-339050.66,1870425.66,3.7,735.6009521,167.0108948,1.91777432,0.065530546,0.319999993,613.3708496,10.88930225,0.503653765,87.06046295,7,2,Planted/Cultivated,Fire Regime Group II
460,20,Kansas,20031,Coffey County,24683.15966,1672292.349,6.746,319.3804016,143.6337585,1.325238705,-0.787938476,0.346666664,1003.023926,13.12300014,0.721718729,82.79777527,7,2,Planted/Cultivated,Fire Regime Group II
383,20,Kansas,20193,Thomas County,-406104.2043,1822696.509,6.826,910.8092651,133.8178253,0.928151429,-0.153364569,0.319999993,523.2950439,11.06595993,0.565285206,88.5,7,2,Planted/Cultivated,Fire Regime Group II
407,20,Kansas,20167,Russell County,-238825.29,1747447.539,6.325,577.8641357,153.0287628,1.132584929,0.521883965,0.319999993,670.0877686,12.51885414,0.496841371,80.91666412,7,2,Planted/Cultivated,Fire Regime Group II
333,8,Colorado,8121,Washington County,-616552.0033,1882372.38,11.156,1487.530029,142.8335114,1.162791014,-0.355940074,0.326875001,416.3153687,9.305937767,0.34585166,75.85624695,7,2,Planted/Cultivated,Fire Regime Group II
365,8,Colorado,8061,Kiowa County,-539740.2039,1725324.569,3.595,1218.513062,130.7285919,0.817521036,-0.171226025,0.323571414,408.6112366,10.9561739,0.32496354,81.18571472,7,2,Planted/Cultivated,Fire Regime Group II
373,20,Kansas,20129,Morton County,-488205.8138,1603668.169,2.349,973.7722778,142.8783417,0.875295162,-0.05919341,0.310000002,440.8913879,12.79317665,0.415682524,73.31666565,7,2,Planted/Cultivated,Fire Regime Group II
465,20,Kansas,20087,Jefferson County,44124.87026,1790530.159,12.903,296.3933716,184.4024048,3.371665239,3.368828058,0.36857143,954.425293,12.45023823,0.750859082,79.30635071,7,2,Planted/Cultivated,Fire Regime Group II
342,35,New Mexico,35059,Union County,-631899.2274,1487039.628,1.286,1417.696777,154.6199036,1.022344232,0.177129149,0.276288658,404.8471375,12.24731922,0.40715158,49.59278488,7,2,Planted/Cultivated,Fire Regime Group II
427,20,Kansas,20169,Saline County,-145079.9597,1748561.849,5.899,404.9074097,166.7960052,1.420695901,-0.789680302,0.362637371,801.3369141,12.92093372,0.505854964,81.52417755,7,2,Planted/Cultivated,Fire Regime Group II
409,20,Kansas,20185,Stafford County,-234366.9898,1656677.67,4.327,585.0255737,149.344635,1.097045779,0.205199167,0.191505373,672.2050171,13.37655926,0.54985714,32.41182709,7,2,Planted/Cultivated,Fire Regime Group II
360,8,Colorado,8095,Phillips County,-539632.6063,1975104.719,4.977,1164.256958,147.4121857,0.867829382,-0.073475003,0.319999993,465.0525513,9.915103912,0.398264199,63.29999924,7,2,Planted/Cultivated,Fire Regime Group II
395,20,Kansas,20057,Ford County,-351155.0407,1656907.499,4.322,790.34729,142.6498871,1.131296992,0.293630689,0.335624993,566.2648315,12.56609344,0.393349916,79.33750153,7,2,Planted/Cultivated,Fire Regime Group II
429,20,Kansas,20157,Republic County,-138173.6101,1873910.139,7.668,479.9029236,160.9447632,1.284991384,0.314072609,0.366195649,762.5119019,11.28782654,0.611495912,79.69021606,7,2,Planted/Cultivated,Fire Regime Group II
385,20,Kansas,20069,Gray County,-396982.6082,1664628.889,5.744,858.2679443,149.5367126,0.910708845,0.553863347,0.330416679,522.958374,12.25973988,0.456023455,79.7416687,7,2,Planted/Cultivated,Fire Regime Group II
361,8,Colorado,8095,Phillips County,-535770.5163,1959841.789,9.614,1161.650269,121.1834183,1.093007207,-0.136191636,0.286666662,464.6925354,9.946093559,0.477525473,52.59999847,7,2,Planted/Cultivated,Fire Regime Group II
374,20,Kansas,20023,Cheyenne County,-463700.3201,1879401.539,15.74,1030.479126,144.9110565,1.911791921,-0.559373856,0.354020625,514.5505371,10.6839695,0.419105828,87.71546173,7,2,Planted/Cultivated,Fire Regime Group II
366,8,Colorado,8009,Baca County,-540340.824,1607829.889,2.839,1174.906982,143.3110352,0.899481833,0.164111122,0.306199998,434.5755005,12.24925041,0.430893213,62.57300186,7,2,Planted/Cultivated,Fire Regime Group II
376,20,Kansas,20189,Stevens County,-468650.6126,1603322.929,4.23,935.8794556,144.8565674,0.898064971,0.323040247,0.294020623,458.2818909,12.82118511,0.581132531,67.02783203,7,2,Planted/Cultivated,Fire Regime Group II
413,20,Kansas,20151,Pratt County,-223344.4902,1640999.629,1.136,567.9083252,155.813736,1.091024637,0.512047231,0.188631579,677.1585693,13.43826294,0.517540514,37.38105392,7,2,Planted/Cultivated,Fire Regime Group II
398,20,Kansas,20065,Graham County,-335319.9001,1807920.99,4.622,732.536438,148.8384552,1.632046223,0.203347072,0.319999993,566.9932861,11.53554916,0.48653847,81.69670105,7,2,Planted/Cultivated,Fire Regime Group II
20,56,Wyoming,56035,Sublette County,-1130160.67,2307700.089,7.356,2324.498535,193.7973175,4.586577415,0.183320314,0.205913976,367.2137451,1.448172092,0.529181242,44.97742081,7,3,Planted/Cultivated,Fire Regime Group III
209,8,Colorado,8003,Alamosa County,-866565.8625,1663513.059,3.154,2308.693359,157.5060425,0.858109653,0.133174926,0.117204301,194.2818298,5.362741947,0.430465549,27.97849464,7,5,Planted/Cultivated,Fire Regime Group V
473,20,Kansas,20021,Cherokee County,95251.18972,1583178.769,6.975,272.2623901,194.9636841,0.917754948,-0.256960839,0.192602739,1126.816528,13.84993172,0.661757708,79.96438599,7,5,Planted/Cultivated,Fire Regime Group V
456,20,Kansas,20177,Shawnee County,5311.009677,1784321.09,8.621,307.7427063,161.5845947,1.870767355,0.441325873,0.328829795,929.9624634,12.5312233,0.749037266,77.99468231,7,133,Planted/Cultivated,Indeterminate FRG
