UNION_ID,x,y,LONG,LAT,DIVISION,DISTRICT,UPAZILA,UNION,NDVI_305_2014,NDVI_321_2014,NDVI_337_2014,NDVI_353_2014,NDVI_001_2105,NDVI_017_2015,NDVI_033_2015,NDVI_049_2015,NDVI_065_2015,NDVI_081_2015,NDVI_097_2015,NDVI_113_2015
10040907,519852.2018,2439890.485,90.1924,22.0637,Barisal,Barguna,Amtali,Amtali,0.769,0.601,0.549,0.448,0.426,0.414,0.409,0.418,0.424,0.469,0.504,0.504
10061031,513008.6331,2524427.722,90.1268,22.8275,Barisal,Barisal,Banaripara,Bisarkandi,0.693,0.572,0.553,0.612,0.615,0.606,0.608,0.64,0.69,0.696,0.677,0.677
10063613,556755.4499,2538579.562,90.5536,22.9544,Barisal,Barisal,Hizla,Bara Jalia,0.675,0.552,0.52,0.518,0.542,0.506,0.508,0.539,0.57,0.563,0.603,0.603
10065177,541836.9141,2508902.173,90.4073,22.6868,Barisal,Barisal,Barisal,Roy Pasha Karapur,0.782,0.653,0.673,0.639,0.605,0.579,0.561,0.632,0.671,0.724,0.726,0.726
10069494,516049.7474,2527785.913,90.1564,22.8578,Barisal,Barisal,Wazirpur,Sholak,0.727,0.587,0.557,0.563,0.554,0.536,0.56,0.66,0.708,0.741,0.714,0.714
10091887,568765.4527,2511180.765,90.6696,22.7065,Barisal,Bhola,Bhola,Bhedaria,0.593,0.478,0.446,0.405,0.418,0.423,0.452,0.496,0.528,0.518,0.532,0.532
10092519,576464.455,2438592.339,90.741,22.0504,Barisal,Bhola,Char Fasson,Aslampur,0.772,0.569,0.543,0.492,0.485,0.494,0.508,0.508,0.497,0.509,0.555,0.555
10092528,576464.455,2438592.339,90.741,22.0504,Barisal,Bhola,Char Fasson,Char Kalmi,0.765,0.59,0.518,0.396,0.364,0.345,0.326,0.415,0.481,0.582,0.648,0.648
10424331,511652.4997,2479302.988,90.1132,22.4198,Barisal,Jhalokati,Kanthalia,Adrabunia,0.807,0.681,0.69,0.605,0.514,0.498,0.51,0.532,0.57,0.583,0.627,0.627
10428440,514418.682,2493380.121,90.1402,22.547,Barisal,Jhalokati,Rajapur,Mathbari,0.808,0.702,0.672,0.582,0.52,0.52,0.527,0.543,0.565,0.571,0.613,0.613
10783853,557271.6776,2482253.362,90.5566,22.4456,Barisal,Patuakhali,Bauphal,Kalaiya,0.719,0.561,0.48,0.41,0.411,0.405,0.401,0.425,0.44,0.481,0.578,0.578
10783889,557271.6776,2482253.362,90.5566,22.4456,Barisal,Patuakhali,Bauphal,Nazirpur,0.721,0.567,0.493,0.434,0.432,0.429,0.432,0.45,0.463,0.482,0.578,0.578
10785744,548291.3734,2441658.439,90.4681,22.0791,Barisal,Patuakhali,Galachipa,Chhota Baisdia,0.719,0.54,0.453,0.403,0.388,0.372,0.353,0.372,0.41,0.456,0.446,0.446
10787613,526714.1824,2471530.613,90.2594,22.3495,Barisal,Patuakhali,Mirzapur,Amragachhia,0.773,0.664,0.658,0.619,0.538,0.531,0.528,0.523,0.534,0.548,0.602,0.602
10787667,526714.1824,2471530.613,90.2594,22.3495,Barisal,Patuakhali,Mirzapur,Majidbari,0.763,0.674,0.667,0.566,0.477,0.489,0.48,0.477,0.479,0.51,0.579,0.579
10791411,502313.8484,2481396.364,90.0225,22.4388,Barisal,Pirojpur,Bandaria,Bhandaria,0.78,0.665,0.706,0.675,0.584,0.547,0.529,0.53,0.561,0.588,0.63,0.63
10795851,495497.8562,2463763.005,89.9563,22.2795,Barisal,Pirojpur,Mothbaria,Gulishakhali,0.785,0.682,0.632,0.571,0.496,0.494,0.479,0.487,0.508,0.515,0.535,0.535
10797652,495005.9622,2519054.993,89.9513,22.779,Barisal,Pirojpur,Nazirpur,Nazirpur,0.703,0.591,0.569,0.565,0.555,0.569,0.594,0.683,0.69,0.695,0.676,0.676
10798017,496087.4932,2497967.139,89.9619,22.5885,Barisal,Pirojpur,Pirojpur,Durgapur,0.756,0.636,0.654,0.652,0.622,0.63,0.638,0.717,0.734,0.745,0.721,0.721
20120423,581070.1428,2629718.162,90.7957,23.7766,Chittagong,Brahamanbaria,Bancharampur,Dariadaulat,0.577,0.479,0.478,0.492,0.492,0.48,0.488,0.491,0.594,0.582,0.571,0.571
20121350,620087.1082,2653655.65,91.1805,23.9903,Chittagong,Brahamanbaria,Brahamanbaria,Dakshin Shuhilpur,0.493,0.456,0.407,0.355,0.346,0.381,0.499,0.542,0.699,0.701,0.602,0.602
20128536,599806.4811,2639144.208,90.9802,23.8607,Chittagong,Brahamanbaria,Nabinagar,Paschim Junedpur,0.662,0.519,0.491,0.501,0.517,0.527,0.57,0.559,0.611,0.592,0.57,0.57
20132207,567522.0107,2568802.239,90.66,23.227,Chittagong,Chandpur,Chandpur,Ashikati,0.739,0.596,0.609,0.619,0.579,0.632,0.616,0.557,0.586,0.602,0.675,0.675
20134511,579596.2305,2558509.965,90.7774,23.1335,Chittagong,Chandpur,Faridganj,Paschim Baluthupa,0.722,0.624,0.61,0.602,0.584,0.567,0.557,0.509,0.638,0.661,0.675,0.675
20134723,563335.1686,2552117.542,90.6184,23.0765,Chittagong,Chandpur,Haimchar,Dakshin Algi Durgapur,0.792,0.62,0.584,0.591,0.602,0.557,0.549,0.649,0.683,0.718,0.75,0.75
20135815,593998.2047,2583052.685,90.9196,23.3544,Chittagong,Chandpur,Kachua,Bitara,0.686,0.484,0.454,0.558,0.56,0.552,0.48,0.491,0.593,0.597,0.656,0.656
20150831,698338.692,2436010.878,91.9215,22.0175,Chittagong,Chittagong,Banshkhali,Gandamara,0.536,0.441,0.335,0.24,0.226,0.23,0.254,0.29,0.311,0.32,0.399,0.399
20153338,680751.2642,2519308.944,91.7606,22.7716,Chittagong,Chittagong,Fatikchhari,Daulatpur,0.738,0.544,0.489,0.473,0.483,0.481,0.459,0.507,0.505,0.529,0.672,0.672
20157077,714623.2378,2485555.666,92.0858,22.4629,Chittagong,Chittagong,Rangunia,Rangunia,0.645,0.5,0.449,0.412,0.387,0.364,0.34,0.47,0.537,0.595,0.64,0.64
20157475,696292.2945,2493343.409,91.9087,22.5354,Chittagong,Chittagong,Raozan,Raozan,0.708,0.621,0.577,0.536,0.528,0.502,0.475,0.497,0.489,0.514,0.64,0.64
20158247,712312.7919,2447518.452,92.0583,22.1198,Chittagong,Chittagong,Satkania,Kaliais,0.641,0.591,0.528,0.496,0.492,0.453,0.411,0.51,0.578,0.614,0.642,0.642
20190963,607077.3563,2581708.603,91.0475,23.3415,Chittagong,Comilla,Baura,Uttar Khosbas,0.746,0.64,0.565,0.497,0.475,0.446,0.482,0.508,0.651,0.67,0.665,0.665
20191863,613961.5838,2602592.872,91.1164,23.5296,Chittagong,Comilla,Burichang,Mainamati,0.688,0.59,0.542,0.484,0.468,0.404,0.394,0.403,0.626,0.627,0.627,0.627
20194011,600512.515,2610043.972,90.9851,23.5978,Chittagong,Comilla,Debidwar,Dakshin Bara Shalghar,0.715,0.598,0.583,0.525,0.504,0.458,0.513,0.531,0.663,0.636,0.612,0.612
20196768,618523.9201,2594913.857,91.1605,23.4599,Chittagong,Comilla,Comilla,Kalir Bazar,0.755,0.642,0.569,0.487,0.477,0.429,0.426,0.458,0.7,0.7,0.675,0.675
20197252,613925.2618,2571204.543,91.1136,23.2461,Chittagong,Comilla,Laksam,Laksam,0.784,0.674,0.608,0.462,0.39,0.34,0.432,0.644,0.682,0.719,0.661,0.661
20198194,598152.5304,2615819.726,90.9624,23.6501,Chittagong,Comilla,Muradnagar,Sreekail,0.613,0.41,0.468,0.62,0.627,0.635,0.633,0.568,0.518,0.42,0.433,0.433
20221616,714649.0079,2406500.696,92.0755,21.7491,Chittagong,Cox's Bazar,Chakaria,Baraitali,0.701,0.589,0.557,0.535,0.546,0.554,0.557,0.592,0.66,0.664,0.701,0.701
20224947,697126.0102,2391689.088,91.9044,21.6174,Chittagong,Cox's Bazar,Maheshkhali,Hoanak,0.29,0.245,0.271,0.241,0.194,0.253,0.333,0.409,0.344,0.273,0.309,0.309
20467023,688330.3973,2563637.78,91.8398,23.171,Chittagong,Khagrachhari,Matiranga,Belchhari,0.818,0.761,0.731,0.74,0.683,0.682,0.621,0.605,0.598,0.565,0.657,0.657
20514330,587353.1331,2536647.775,90.852,22.9356,Chittagong,Lakshmipur,Lakshmipur,Char Ruhita,0.805,0.666,0.6,0.575,0.503,0.481,0.483,0.636,0.679,0.735,0.739,0.739
20515811,576811.3569,2541832.21,90.7494,22.983,Chittagong,Lakshmipur,Roypur,Bamni,0.817,0.724,0.725,0.693,0.63,0.59,0.589,0.584,0.71,0.741,0.751,0.751
20517387,598502.4745,2503383.868,90.9586,22.6346,Chittagong,Lakshmipur,Kamalnagar,Char Ramiz,0.81,0.61,0.525,0.456,0.426,0.416,0.397,0.496,0.548,0.655,0.686,0.686
20750756,612762.4097,2535270.744,91.0996,22.9217,Chittagong,Noakhali,Begumganj,Jirtali,0.71,0.639,0.616,0.541,0.541,0.592,0.649,0.751,0.741,0.728,0.683,0.683
20751038,599735.8322,2550111.346,90.9736,23.0565,Chittagong,Noakhali,Chatkhil,Mohammadpur,0.729,0.617,0.601,0.567,0.552,0.638,0.694,0.71,0.751,0.745,0.723,0.723
20753638,612159.5445,2466256.72,91.0888,22.2984,Chittagong,Noakhali,Hatiya,Char King,0.704,0.583,0.532,0.47,0.482,0.505,0.512,0.467,0.465,0.445,0.478,0.478
20758740,606363.3811,2524304.118,91.0365,22.823,Chittagong,Noakhali,Noakhali,Char Matua,0.767,0.681,0.595,0.525,0.485,0.453,0.459,0.549,0.579,0.635,0.678,0.678
30261405,513270.4757,2647289.395,90.1304,23.9373,Dhaka,Dhaka,Dhamrai,Amta,0.583,0.463,0.498,0.534,0.54,0.496,0.459,0.461,0.666,0.702,0.704,0.704
30261483,513270.4757,2647289.395,90.1304,23.9373,Dhaka,Dhaka,Dhamrai,Sombhag,0.553,0.503,0.531,0.537,0.539,0.488,0.436,0.454,0.635,0.65,0.684,0.684
30266261,515885.2209,2617811.073,90.1558,23.671,Dhaka,Dhaka,Nawabganz,Joykrishnapur,0.504,0.429,0.491,0.56,0.565,0.567,0.521,0.504,0.531,0.469,0.543,0.543
30291047,501397.9853,2585983.553,90.0137,23.3836,Dhaka,Faridpur,Bhanga,Hamirdi,0.569,0.42,0.404,0.525,0.62,0.627,0.621,0.608,0.566,0.514,0.498,0.498
30291860,471215.2818,2588147.73,89.7183,23.4029,Dhaka,Faridpur,Boalmari,Moyna,0.59,0.463,0.38,0.479,0.509,0.628,0.619,0.558,0.496,0.455,0.478,0.478
30291895,471215.2818,2588147.73,89.7183,23.4029,Dhaka,Faridpur,Boalmari,Shekhar,0.588,0.482,0.448,0.509,0.561,0.585,0.597,0.613,0.544,0.523,0.52,0.52
30294771,481075.0439,2610411.061,89.8145,23.6041,Dhaka,Faridpur,Faridpur,Krishnanagar,0.582,0.464,0.47,0.524,0.56,0.652,0.663,0.548,0.481,0.456,0.493,0.493
30296222,486318.681,2591110.878,89.8661,23.4298,Dhaka,Faridpur,Nagarkandi,Char Jasordi,0.551,0.393,0.376,0.444,0.495,0.49,0.517,0.566,0.507,0.459,0.421,0.421
30333276,524076.9953,2668146.243,90.2369,24.1255,Dhaka,Gazipur,Kaliakair,Sreefaltali,0.543,0.47,0.464,0.466,0.474,0.414,0.449,0.473,0.603,0.627,0.638,0.638
30333617,560165.2025,2669920.143,90.5922,24.1406,Dhaka,Gazipur,Kapasia,Chandpur,0.703,0.622,0.531,0.559,0.532,0.491,0.499,0.511,0.604,0.598,0.644,0.644
30353208,481915.8316,2550711.265,89.8235,23.0649,Dhaka,Gopalganj,Gopalganj,Baultali,0.6,0.436,0.386,0.415,0.388,0.424,0.492,0.645,0.697,0.726,0.66,0.66
30353243,481915.8316,2550711.265,89.8235,23.0649,Dhaka,Gopalganj,Gopalganj,Kajulia,0.665,0.483,0.399,0.433,0.388,0.406,0.42,0.558,0.586,0.579,0.579,0.579
30355131,502987.6158,2542746.095,90.0292,22.993,Dhaka,Gopalganj,Kotalipara,Hiran,0.694,0.555,0.475,0.53,0.445,0.488,0.501,0.716,0.753,0.746,0.638,0.638
30355155,502987.6158,2542746.095,90.0292,22.993,Dhaka,Gopalganj,Kotalipara,Kushla,0.591,0.464,0.397,0.435,0.404,0.456,0.469,0.699,0.729,0.733,0.659,0.659
30355833,491101.698,2573953.713,89.913,23.2749,Dhaka,Gopalganj,Muksudpur,Gobindapur,0.602,0.462,0.466,0.524,0.613,0.643,0.645,0.56,0.507,0.458,0.458,0.458
30355894,491101.698,2573953.713,89.913,23.2749,Dhaka,Gopalganj,Muksudpur,Ujani,0.741,0.54,0.44,0.506,0.494,0.549,0.575,0.721,0.705,0.755,0.688,0.688
30390783,487552.0786,2788555.372,89.8764,25.2131,Dhaka,Jamalpur,Bakshiganj,Sadhu Para,0.48,0.48,0.507,0.574,0.63,0.562,0.514,0.48,0.616,0.557,0.556,0.556
30392939,477859.7736,2772173.457,89.7805,25.0651,Dhaka,Jamalpur,Islampur,Gaibandha,0.386,0.512,0.6,0.64,0.623,0.538,0.437,0.456,0.587,0.565,0.564,0.564
30393635,500979.6637,2749734.633,90.0097,24.8626,Dhaka,Jamalpur,Jamalpur,Kendua,0.636,0.511,0.488,0.475,0.44,0.389,0.408,0.488,0.699,0.692,0.716,0.716
30393689,500979.6637,2749734.633,90.0097,24.8626,Dhaka,Jamalpur,Jamalpur,Titpalla,0.678,0.45,0.404,0.396,0.364,0.339,0.398,0.516,0.723,0.684,0.732,0.732
30396119,483457.5974,2761084.044,89.8361,24.965,Dhaka,Jamalpur,Melandaha,Char Banipakuri,0.676,0.505,0.519,0.496,0.417,0.351,0.356,0.412,0.718,0.694,0.731,0.731
30398521,483086.5343,2731411.817,89.8328,24.697,Dhaka,Jamalpur,Sarishabari,Bhatara,0.629,0.443,0.448,0.469,0.426,0.368,0.399,0.428,0.68,0.669,0.717,0.717
30480247,614634.4247,2690481.215,91.1299,24.3233,Dhaka,Kishoreganj,Austagram,Deoghar,0.049,0.159,0.229,0.243,0.303,0.379,0.606,0.624,0.746,0.715,0.572,0.572
30481147,590584.7865,2672429.257,90.8917,24.1618,Dhaka,Kishoreganj,Kuliarchar,Kalika Prasad,0.602,0.506,0.556,0.544,0.544,0.503,0.487,0.499,0.648,0.639,0.694,0.694
30484286,592002.0313,2705284.706,90.9078,24.4584,Dhaka,Kishoreganj,Karimganj,Noabad,0.721,0.596,0.471,0.514,0.534,0.563,0.609,0.547,0.621,0.534,0.604,0.604
30484595,584578.7642,2686158.782,90.8334,24.2861,Dhaka,Kishoreganj,Katiadi,Shahasram Dhuldia,0.544,0.47,0.433,0.387,0.404,0.419,0.513,0.507,0.665,0.66,0.623,0.623
30485423,590584.7865,2672429.257,90.8917,24.1618,Dhaka,Kishoreganj,Kuliarchar,Faridpur,0.672,0.621,0.586,0.562,0.545,0.524,0.527,0.536,0.676,0.688,0.711,0.711
30487676,596054.2974,2693073.981,90.9469,24.3479,Dhaka,Kishoreganj,Nikli,Nikli,0.081,0.171,0.252,0.247,0.309,0.39,0.552,0.574,0.684,0.672,0.519,0.519
30489240,590348.9617,2714607.305,90.892,24.5427,Dhaka,Kishoreganj,Tarail,Digdair,0.409,0.429,0.465,0.451,0.434,0.415,0.511,0.608,0.746,0.691,0.694,0.694
30544094,524689.2065,2552441.95,90.2411,23.0804,Dhaka,Madaripur,Kalkini,Shikar Mangal,0.562,0.479,0.523,0.578,0.573,0.545,0.565,0.648,0.644,0.644,0.64,0.64
30545435,517355.1932,2565175.538,90.1696,23.1955,Dhaka,Madaripur,Madaripur,Pourasabha,0.656,0.5,0.567,0.596,0.573,0.539,0.513,0.549,0.562,0.572,0.599,0.599
30548019,501005.6913,2568065.092,90.0098,23.2217,Dhaka,Madaripur,Rajoir,Badar Pasha,0.57,0.472,0.468,0.548,0.566,0.572,0.563,0.607,0.579,0.574,0.584,0.584
30548747,517718.079,2585336.076,90.1734,23.3776,Dhaka,Madaripur,Shib Char,Kadirpur,0.482,0.395,0.423,0.612,0.637,0.656,0.587,0.508,0.395,0.332,0.363,0.363
30561085,481794.2875,2649220.847,89.8211,23.9547,Dhaka,Manikganj,Dawlatpur,Khalsi,0.462,0.415,0.514,0.557,0.558,0.549,0.446,0.436,0.495,0.562,0.606,0.606
30562880,493280.8768,2621603.94,89.9341,23.7053,Dhaka,Manikganj,Harirampur,Lesraganj,0.488,0.364,0.367,0.439,0.453,0.402,0.347,0.279,0.283,0.245,0.321,0.321
30592431,565393.6295,2604533.944,90.6407,23.5498,Dhaka,Munshiganj,Gazaria,Bhaber Char,0.583,0.472,0.484,0.505,0.55,0.543,0.495,0.509,0.521,0.479,0.591,0.591
30599471,546438.2986,2596580.928,90.4548,23.4786,Dhaka,Munshiganj,Tongibari,Kamarkhara,0.612,0.478,0.465,0.591,0.645,0.678,0.696,0.638,0.506,0.404,0.504,0.504
30611377,536488.375,2696461.445,90.3598,24.381,Dhaka,Mymensingh,Bhaluka,Meduary,0.645,0.555,0.498,0.447,0.475,0.466,0.414,0.429,0.581,0.57,0.622,0.622
30612017,527428.2333,2718426.121,90.2709,24.5796,Dhaka,Mymensingh,Fulbaria,Bakta,0.709,0.558,0.489,0.439,0.449,0.415,0.413,0.42,0.619,0.606,0.642,0.642
30612263,557094.9637,2698903.76,90.5631,24.4025,Dhaka,Mymensingh,Gaffargaon,Panchbhag,0.656,0.535,0.44,0.431,0.415,0.392,0.44,0.456,0.623,0.646,0.669,0.669
30612358,557205.2483,2737592.339,90.5658,24.7519,Dhaka,Mymensingh,Gauripur,Maoha,0.72,0.576,0.473,0.468,0.44,0.381,0.455,0.477,0.736,0.71,0.75,0.75
30612474,536982.1197,2775155.637,90.3668,25.0917,Dhaka,Mymensingh,Haluaghat,Kaichapur,0.637,0.451,0.392,0.374,0.329,0.325,0.363,0.416,0.674,0.637,0.704,0.704
30613185,562337.0273,2724439.098,90.6159,24.6329,Dhaka,Mymensingh,Ishwarganj,Sohagi,0.7,0.574,0.437,0.426,0.398,0.364,0.47,0.521,0.761,0.715,0.732,0.732
30615247,519856.545,2734806.49,90.1963,24.7277,Dhaka,Mymensingh,Muktagachha,Dapunia,0.668,0.528,0.431,0.421,0.398,0.371,0.418,0.447,0.708,0.675,0.705,0.705
30616525,519856.545,2734806.49,90.1963,24.7277,Dhaka,Mymensingh,Muktagachha,Daogaon,0.697,0.572,0.499,0.478,0.448,0.382,0.414,0.428,0.646,0.638,0.657,0.657
30617215,568084.528,2717200.641,90.6724,24.5673,Dhaka,Mymensingh,Nandail,Betagair,0.716,0.609,0.495,0.438,0.415,0.37,0.413,0.426,0.682,0.659,0.709,0.709
30618158,539091.0178,2751751.661,90.387,24.8803,Dhaka,Mymensingh,Phulpur,Phulpur,0.513,0.44,0.418,0.374,0.372,0.369,0.483,0.562,0.765,0.713,0.704,0.704
30619428,541583.3983,2715549.661,90.4106,24.5533,Dhaka,Mymensingh,Trishal,Dhanikhola,0.658,0.516,0.456,0.396,0.406,0.371,0.431,0.456,0.684,0.649,0.675,0.675
30685267,572027.0018,2672235.913,90.709,24.161,Dhaka,Narsingdi,Manohardi,Kanchikata,0.72,0.634,0.519,0.469,0.43,0.417,0.465,0.479,0.694,0.693,0.709,0.709
30686053,569674.3173,2628573.999,90.6838,23.7668,Dhaka,Narayanganj,Araihazar,Madhabdi,0.62,0.525,0.455,0.487,0.446,0.409,0.407,0.419,0.542,0.543,0.567,0.567
30686379,564680.8458,2650450.757,90.6357,23.9646,Dhaka,Narsingdi,Palash,Jinardi,0.725,0.661,0.566,0.601,0.574,0.549,0.561,0.54,0.654,0.599,0.655,0.655
30686474,588556.7046,2650315.644,90.8704,23.9622,Dhaka,Narsingdi,Roypura,Palashtali,0.642,0.575,0.553,0.549,0.499,0.44,0.463,0.471,0.644,0.654,0.643,0.643
30687673,575234.6545,2657799.281,90.7399,24.0305,Dhaka,Narsingdi,Shibpur,Masimpur,0.726,0.643,0.537,0.526,0.493,0.474,0.498,0.503,0.681,0.615,0.677,0.677
30720971,589519.6391,2759066.078,90.8867,24.9442,Dhaka,Netrakona,Barhatta,Sahata,0.503,0.435,0.387,0.362,0.352,0.373,0.408,0.529,0.754,0.707,0.751,0.751
30724023,587102.2222,2774624.802,90.8637,25.0849,Dhaka,Netrakona,Kalmakanda,Kailati,0.454,0.376,0.338,0.342,0.33,0.333,0.379,0.565,0.764,0.71,0.759,0.759
30724740,581682.4156,2730362.506,90.8074,24.6855,Dhaka,Netrakona,Kendua,Ganda,0.717,0.586,0.423,0.413,0.388,0.346,0.448,0.5,0.752,0.721,0.742,0.742
30726310,603355.9283,2744236.503,91.0226,24.8095,Dhaka,Netrakona,Mohanganj,Bakshia Birampur,0.571,0.478,0.403,0.379,0.356,0.359,0.378,0.571,0.681,0.663,0.715,0.715
30727479,575187.0094,2753163.361,90.7444,24.8917,Dhaka,Netrakona,Netrakona,Rauha,0.667,0.52,0.424,0.398,0.355,0.344,0.358,0.476,0.774,0.719,0.779,0.779
30820785,454525.8023,2613389.556,89.5542,23.6305,Dhaka,Rajbari,Baliakandi,Narua,0.466,0.339,0.353,0.41,0.415,0.501,0.503,0.51,0.389,0.363,0.355,0.355
30824795,443649.4849,2630606.634,89.4469,23.7857,Dhaka,Rajbari,Pangsha,Saorail,0.482,0.357,0.374,0.431,0.46,0.498,0.506,0.524,0.414,0.396,0.374,0.374
30827305,443649.4849,2630606.634,89.4469,23.7857,Dhaka,Rajbari,Pangsha,Bahadurpur,0.417,0.24,0.262,0.313,0.364,0.384,0.377,0.278,0.275,0.255,0.276,0.276
30861408,551476.3471,2572868.049,90.5033,23.2643,Dhaka,Shariatpur,Bhedarganj,Char Bhaga,0.571,0.463,0.511,0.644,0.638,0.621,0.6,0.565,0.523,0.449,0.483,0.483
30862583,551476.3471,2572868.049,90.5033,23.2643,Dhaka,Shariatpur,Bhedarganj,Sidya,0.701,0.591,0.567,0.6,0.563,0.583,0.618,0.665,0.708,0.731,0.684,0.684
30898820,501136.7937,2762687.982,90.0113,24.9796,Dhaka,Sherpur,Sherpur,Bhatsala,0.622,0.452,0.466,0.453,0.409,0.369,0.373,0.463,0.682,0.67,0.697,0.697
30899094,497340.8279,2784512.003,89.9736,25.1767,Dhaka,Sherpur,Sreebardi,Tantihati,0.632,0.49,0.479,0.46,0.382,0.331,0.376,0.52,0.766,0.721,0.749,0.749
30931967,482366.4362,2706986.367,89.826,24.4764,Dhaka,Tangail,Buapur,Gobindasi,0.629,0.426,0.441,0.434,0.408,0.332,0.386,0.455,0.614,0.62,0.608,0.608
30932825,506169.5269,2707625.936,90.0609,24.4823,Dhaka,Tangail,Ghatail,Deopara,0.673,0.58,0.547,0.542,0.498,0.42,0.471,0.484,0.652,0.638,0.635,0.635
30933807,489927.3936,2716939.968,89.9005,24.5664,Dhaka,Tangail,Gopalpur,Alamnagar,0.506,0.454,0.484,0.517,0.478,0.385,0.361,0.566,0.74,0.75,0.737,0.737
30934780,493631.8502,2696211.327,89.9372,24.3792,Dhaka,Tangail,Kalihati,Paikara,0.628,0.47,0.439,0.472,0.388,0.316,0.37,0.445,0.735,0.735,0.728,0.728
30935709,507989.9935,2726481.827,90.079,24.6526,Dhaka,Tangail,Madhupur,Alokdia,0.663,0.525,0.5,0.5,0.457,0.381,0.447,0.469,0.662,0.663,0.668,0.668
30936663,511963.7995,2667939.911,90.1177,24.1238,Dhaka,Tangail,Mirzapur,Jamurki,0.562,0.455,0.477,0.534,0.508,0.439,0.378,0.35,0.64,0.693,0.704,0.704
30937687,487913.9788,2661527.918,89.8811,24.0659,Dhaka,Tangail,Nagarpur,Sahabatpur,0.633,0.508,0.538,0.572,0.532,0.481,0.423,0.471,0.563,0.617,0.624,0.624
30938581,517963.5074,2687831.083,90.177,24.3034,Dhaka,Tangail,Sakhipur,Kalia,0.706,0.587,0.535,0.468,0.496,0.455,0.396,0.418,0.596,0.631,0.669,0.669
40010817,475297.0213,2508210.754,89.7595,22.6809,Khulna,Bagerhat,Bagerhat,Barai Para,0.529,0.47,0.393,0.469,0.461,0.486,0.524,0.642,0.646,0.631,0.591,0.591
40013442,467299.9705,2513497.995,89.6816,22.7285,Khulna,Bagerhat,Fakirhat,Lakhpur,0.7,0.58,0.49,0.524,0.501,0.497,0.498,0.618,0.64,0.661,0.624,0.624
40013473,467299.9705,2513497.995,89.6816,22.7285,Khulna,Bagerhat,Fakirhat,Piljanga,0.719,0.627,0.541,0.597,0.556,0.562,0.556,0.655,0.668,0.687,0.624,0.624
40182323,386200.1009,2608517.222,88.8848,23.5831,Khulna,Chuadanga,Chuadanga,Begampur,0.523,0.507,0.596,0.602,0.601,0.568,0.556,0.553,0.558,0.503,0.505,0.505
40185576,382549.7905,2593004.755,88.8502,23.4428,Khulna,Chuadanga,Jaban Nagar,Uthali,0.541,0.519,0.59,0.624,0.615,0.609,0.596,0.546,0.534,0.481,0.517,0.517
40410957,432739.3015,2571987.832,89.3424,23.2558,Khulna,Jessore,Bagher para,Jamdia,0.641,0.475,0.42,0.465,0.496,0.517,0.514,0.631,0.626,0.621,0.635,0.635
40412353,401526.2881,2551608.399,89.0386,23.0701,Khulna,Jessore,Jhikargachha,Magura,0.598,0.416,0.384,0.421,0.415,0.407,0.408,0.612,0.616,0.649,0.63,0.63
40413828,421695.2981,2529413.11,89.2367,22.8707,Khulna,Jessore,Keshabpur,Keshabpur,0.614,0.465,0.401,0.441,0.432,0.475,0.499,0.696,0.689,0.69,0.617,0.617
40414711,423731.429,2563273.28,89.2548,23.1767,Khulna,Jessore,Jessore,Basundia,0.643,0.58,0.517,0.563,0.517,0.528,0.506,0.643,0.665,0.68,0.677,0.677
40414771,423731.429,2563273.28,89.2548,23.1767,Khulna,Jessore,Jessore,Kachua,0.649,0.55,0.522,0.557,0.509,0.511,0.497,0.609,0.64,0.675,0.669,0.669
40416111,420614.963,2542326.379,89.2255,22.9873,Khulna,Jessore,Manirampur,Chaluahati,0.695,0.486,0.416,0.447,0.412,0.445,0.461,0.666,0.673,0.678,0.621,0.621
40416183,420614.963,2542326.379,89.2255,22.9873,Khulna,Jessore,Manirampur,Nehalpur,0.441,0.391,0.327,0.372,0.356,0.397,0.417,0.689,0.689,0.702,0.646,0.646
40441442,405760.2032,2616332.06,89.0759,23.655,Khulna,Jhenaidah,Harinakunda,Harinakunda,0.647,0.414,0.367,0.389,0.372,0.369,0.352,0.618,0.605,0.646,0.62,0.62
40441484,405760.2032,2616332.06,89.0759,23.655,Khulna,Jhenaidah,Harinakunda,Taherhuda,0.602,0.442,0.435,0.446,0.425,0.415,0.383,0.545,0.535,0.557,0.559,0.559
40443347,414253.8198,2583636.015,89.1611,23.3601,Khulna,Jhenaidah,Kaliganj,Kola,0.643,0.406,0.378,0.43,0.419,0.461,0.453,0.56,0.589,0.617,0.635,0.635
40447129,384246.7447,2579779.405,88.8678,23.3235,Khulna,Jhenaidah,Maheshpur,Kazirber,0.543,0.457,0.472,0.495,0.472,0.506,0.506,0.631,0.647,0.614,0.612,0.612
40447159,384246.7447,2579779.405,88.8678,23.3235,Khulna,Jhenaidah,Maheshpur,Nepa,0.512,0.465,0.493,0.53,0.502,0.551,0.541,0.59,0.591,0.548,0.561,0.561
40471235,449600.4768,2510531.238,89.5093,22.7012,Khulna,Khulna,Batiagahata,Batiaghata,0.674,0.594,0.447,0.341,0.31,0.313,0.308,0.356,0.344,0.291,0.366,0.366
40471259,449600.4768,2510531.238,89.5093,22.7012,Khulna,Khulna,Batiagahata,Gangarampur,0.703,0.623,0.473,0.371,0.325,0.305,0.311,0.349,0.339,0.302,0.376,0.376
40473061,438038.2694,2520923.207,89.3963,22.7947,Khulna,Khulna,Dumuria,Raghunathpur,0.462,0.385,0.295,0.343,0.308,0.345,0.378,0.664,0.668,0.665,0.613,0.613
40473088,438038.2694,2520923.207,89.3963,22.7947,Khulna,Khulna,Dumuria,Sarappur,0.673,0.599,0.467,0.362,0.339,0.311,0.309,0.338,0.359,0.375,0.403,0.403
40476938,441395.7264,2539350.995,89.4283,22.9613,Khulna,Khulna,Phultala,Damodarpur,0.529,0.466,0.401,0.457,0.425,0.484,0.498,0.669,0.657,0.65,0.611,0.611
40503933,379290.8431,2659464.062,88.8129,24.0427,Khulna,Kushtia,Daulatpur,Daulatpur,0.552,0.46,0.537,0.551,0.612,0.686,0.679,0.599,0.557,0.423,0.441,0.441
40507950,409155.3126,2635668.699,89.108,23.8298,Khulna,Kushtia,Kushtia,Jagati,0.627,0.395,0.364,0.385,0.388,0.422,0.393,0.578,0.563,0.575,0.603,0.603
40556610,455596.8841,2587251.446,89.5655,23.3944,Khulna,Magura,Mahammadpur,Babukhali,0.512,0.4,0.345,0.425,0.452,0.562,0.55,0.453,0.389,0.37,0.407,0.407
40558547,435373.0819,2583164.289,89.3677,23.3568,Khulna,Magura,Shalikha,Gangarampur,0.551,0.42,0.358,0.444,0.464,0.534,0.557,0.6,0.574,0.552,0.556,0.556
40574773,374300.4631,2638790.232,88.7656,23.8556,Khulna,Meherpur,Gangni,Shaharbati,0.508,0.432,0.517,0.538,0.634,0.639,0.629,0.541,0.502,0.44,0.468,0.468
40578719,365224.5599,2630478.251,88.6772,23.7798,Khulna,Meherpur,Meherpur,Amjhupi,0.533,0.458,0.536,0.544,0.638,0.625,0.611,0.551,0.528,0.472,0.504,0.504
40652839,465259.502,2546262.636,89.6609,23.0244,Khulna,Narail,Kalia,Joynagar,0.64,0.485,0.405,0.476,0.488,0.519,0.537,0.646,0.606,0.605,0.562,0.562
40655247,459133.3243,2564530.268,89.6007,23.1893,Khulna,Narail,Lohagara,Lahuria,0.536,0.411,0.385,0.456,0.537,0.597,0.6,0.513,0.455,0.405,0.41,0.41
40657654,447306.7586,2561248.01,89.4852,23.1593,Khulna,Narail,Narail,Maij Para,0.565,0.402,0.336,0.422,0.49,0.553,0.585,0.631,0.594,0.548,0.531,0.531
40878227,402210.9984,2510478.31,89.0479,22.6987,Khulna,Satkhira,Satkhira,Balli,0.437,0.314,0.273,0.299,0.271,0.323,0.335,0.73,0.739,0.736,0.658,0.658
40878647,414518.7665,2436195.989,89.1717,22.0283,Khulna,Satkhira,Shyamnagar,Kaikhali,0.397,0.234,0.167,0.18,0.186,0.176,0.178,0.223,0.216,0.205,0.21,0.21
50100613,405321.7461,2741715.806,89.0634,24.7873,Rajshahi,Bogra,Adamdighi,Adam Dighi,0.538,0.324,0.355,0.366,0.392,0.389,0.29,0.618,0.664,0.729,0.719,0.719
50102795,455308.1815,2728467.16,89.5583,24.6699,Rajshahi,Bogra,Dhunat,Nimgachhi,0.563,0.439,0.459,0.455,0.383,0.328,0.334,0.714,0.683,0.705,0.662,0.662
50108144,462404.0576,2753280.141,89.6277,24.8942,Rajshahi,Bogra,Sariakandi,Kamalpur,0.35,0.392,0.433,0.453,0.368,0.311,0.299,0.486,0.549,0.564,0.544,0.544
50109423,431878.3289,2764922.657,89.3249,24.9982,Rajshahi,Bogra,Shibgonj,Buriganj,0.517,0.333,0.43,0.436,0.592,0.54,0.396,0.581,0.583,0.735,0.769,0.769
50381315,401145.4894,2759395.917,89.0208,24.9466,Rajshahi,Joypurhat,Akkelpur,Gopinathpur,0.475,0.352,0.461,0.468,0.542,0.515,0.371,0.575,0.584,0.735,0.752,0.752
50386109,413855.9954,2768458.385,89.1461,25.0293,Rajshahi,Joypurhat,Khetlal,Alampur,0.508,0.32,0.427,0.439,0.581,0.556,0.424,0.545,0.561,0.74,0.775,0.775
50640384,394624.729,2721884.413,88.9591,24.6075,Rajshahi,Naogaon,Atrai,Sahagola,0.471,0.376,0.387,0.391,0.331,0.323,0.304,0.744,0.726,0.722,0.679,0.679
50645066,375296.7934,2756381.741,88.7651,24.9175,Rajshahi,Naogaon,Mahadebpur,Mahadebpur,0.568,0.4,0.399,0.403,0.399,0.327,0.295,0.664,0.67,0.712,0.687,0.687
50646963,353625.5596,2747002.556,88.5515,24.8309,Rajshahi,Naogaon,Niamatpur,Parail,0.558,0.359,0.357,0.376,0.419,0.414,0.412,0.657,0.633,0.61,0.635,0.635
50648552,398967.1139,2734238.358,89.0011,24.7193,Rajshahi,Naogaon,Raninagar,Kashimpur,0.554,0.374,0.382,0.382,0.34,0.337,0.355,0.664,0.655,0.664,0.639,0.639
50691559,414713.8645,2685336.936,89.1597,24.2787,Rajshahi,Natore,Baraigram,Jonail,0.528,0.401,0.45,0.467,0.527,0.601,0.607,0.664,0.592,0.499,0.466,0.466
50699155,416609.2871,2713597.97,89.1767,24.534,Rajshahi,Natore,Singra,Kalam,0.566,0.361,0.372,0.392,0.479,0.5,0.528,0.688,0.66,0.574,0.526,0.526
50705657,338035.1045,2735474.677,88.3986,24.7253,Rajshahi,Nawabganj,Nachole,Nachole,0.56,0.344,0.349,0.377,0.43,0.438,0.437,0.628,0.604,0.573,0.599,0.599
50761600,464486.055,2649237.913,89.651,23.9545,Rajshahi,Pabna,Bera,Pourasabha,0.536,0.382,0.395,0.449,0.524,0.475,0.439,0.467,0.521,0.536,0.56,0.56
50763931,407410.5513,2661424.831,89.0893,24.0623,Rajshahi,Pabna,Ishwardi,Lakshmikundi,0.474,0.347,0.378,0.398,0.435,0.459,0.442,0.371,0.327,0.271,0.258,0.258
50765577,425759.0606,2654192.901,89.2701,23.998,Rajshahi,Pabna,Pabna,Maligachha,0.69,0.417,0.45,0.453,0.483,0.498,0.467,0.593,0.559,0.547,0.571,0.571
50768385,452063.1019,2643473.53,89.5291,23.9022,Rajshahi,Pabna,Sunanagar,Sujanagar,0.483,0.369,0.392,0.435,0.466,0.492,0.456,0.455,0.457,0.388,0.376,0.376
50812531,373768.0442,2688262.813,88.7561,24.3023,Rajshahi,Rajshahi,Charghat,Bhaya Lakshmipur,0.691,0.578,0.611,0.652,0.717,0.719,0.7,0.581,0.545,0.499,0.528,0.528
50813466,339666.0888,2708587.474,88.4178,24.4827,Rajshahi,Rajshahi,Godagari,Mohanpur,0.535,0.312,0.333,0.358,0.415,0.451,0.446,0.467,0.45,0.416,0.49,0.49
50819440,351724.2332,2722159.48,88.5353,24.6064,Rajshahi,Rajshahi,Tanore,Kamargaon,0.417,0.293,0.326,0.332,0.329,0.324,0.321,0.746,0.735,0.741,0.716,0.716
50882771,474164.1537,2670825.699,89.7457,24.1497,Rajshahi,Sirajganj,Chauhali,Sthal,0.345,0.221,0.261,0.315,0.364,0.342,0.292,0.249,0.216,0.187,0.166,0.166
50886138,450306.3809,2709233.406,89.5095,24.496,Rajshahi,Sirajganj,Royganj,Dhangara,0.653,0.419,0.425,0.418,0.36,0.285,0.355,0.753,0.738,0.752,0.697,0.697
50886773,463695.431,2672925.448,89.6426,24.1685,Rajshahi,Sirajganj,Shahjadpur,Potajia,0.418,0.594,0.617,0.588,0.443,0.377,0.322,0.598,0.607,0.664,0.662,0.662
50888942,436088.2911,2704113.193,89.3694,24.4493,Rajshahi,Sirajganj,Tarash,Magura Binod,0.283,0.37,0.473,0.48,0.52,0.558,0.509,0.749,0.707,0.703,0.638,0.638
55271011,395417.0392,2807960.956,88.9604,25.3848,Rangpur,Dinajpur,Birampur,Benail,0.607,0.335,0.341,0.323,0.323,0.273,0.243,0.668,0.679,0.75,0.757,0.757
55271738,355313.7246,2836362.874,88.5587,25.6378,Rangpur,Dinajpur,Biral,Bijora,0.609,0.42,0.396,0.363,0.357,0.335,0.333,0.381,0.493,0.694,0.72,0.72
55273071,381023.0463,2838510.643,88.8146,25.6595,Rangpur,Dinajpur,Chirirbandar,Punatti,0.636,0.367,0.361,0.356,0.349,0.319,0.263,0.515,0.642,0.73,0.726,0.726
55275694,360792.6407,2857583.733,88.6111,25.8299,Rangpur,Dinajpur,Kaharole,Targaon,0.629,0.376,0.363,0.449,0.562,0.544,0.585,0.643,0.598,0.622,0.596,0.596
55276917,407032.2553,2812242.496,89.0755,25.4242,Rangpur,Dinajpur,Nawabgonj,Binodnagar,0.64,0.407,0.431,0.438,0.444,0.375,0.367,0.594,0.613,0.64,0.685,0.685
55322123,465898.077,2791461.222,89.6614,25.2391,Rangpur,Gaibandha,Fulchhari,Fazlupur,0.138,0.135,0.183,0.212,0.201,0.18,0.187,0.201,0.217,0.208,0.19,0.19
55326719,438967.0242,2791726.249,89.394,25.2406,Rangpur,Gaibandha,Palashbari,Betkapa,0.653,0.467,0.436,0.442,0.415,0.324,0.327,0.677,0.713,0.721,0.733,0.733
55328294,442027.0953,2809294.111,89.4236,25.3994,Rangpur,Gaibandha,Sadullapur,Rasulpur,0.687,0.431,0.438,0.449,0.404,0.336,0.363,0.671,0.729,0.723,0.745,0.745
55329144,455833.7133,2820155.432,89.5605,25.4979,Rangpur,Gaibandha,Sundarganj,Haripur,0.315,0.262,0.273,0.267,0.262,0.232,0.23,0.284,0.305,0.298,0.284,0.284
55490876,475790.3172,2814692.795,89.7592,25.449,Rangpur,Kurigram,Char Rajibpur,Mohanganj,0.173,0.203,0.271,0.278,0.287,0.242,0.222,0.22,0.244,0.253,0.244,0.244
55496106,472815.4123,2871705.388,89.7284,25.9638,Rangpur,Kurigram,Nageshwari,Ballabher Khas,0.446,0.382,0.397,0.357,0.34,0.285,0.25,0.32,0.414,0.407,0.448,0.448
55497911,483607.9928,2829126.208,89.8368,25.5795,Rangpur,Kurigram,Raumari,Bandaber,0.416,0.384,0.391,0.431,0.456,0.415,0.403,0.374,0.379,0.369,0.339,0.339
55499483,468327.5285,2842687.935,89.6843,25.7017,Rangpur,Kurigram,Ulipur,Thetroy,0.398,0.279,0.266,0.275,0.296,0.238,0.242,0.316,0.362,0.4,0.406,0.406
55523309,415176.2771,2891044.738,89.1515,26.1362,Rangpur,Lalmonirhat,Hatibandha,Barakhata,0.474,0.364,0.357,0.471,0.482,0.592,0.635,0.73,0.709,0.654,0.7,0.7
55523923,424584.0228,2875226.234,89.2465,25.9939,Rangpur,Lalmonirhat,Kaliganj,Chalbala,0.623,0.424,0.408,0.42,0.411,0.399,0.443,0.577,0.695,0.661,0.678,0.678
55731576,381153.8397,2895049.432,88.8108,26.17,Rangpur,Nilphamari,Domar,Ketkibari,0.553,0.413,0.387,0.414,0.409,0.377,0.395,0.584,0.676,0.654,0.735,0.735
55734560,407201.288,2865995.121,89.0735,25.9096,Rangpur,Nilphamari,Kishoreganj,Magura,0.649,0.409,0.396,0.414,0.446,0.415,0.45,0.542,0.572,0.681,0.664,0.664
55738540,392611.804,2854703.438,88.9287,25.8066,Rangpur,Nilphamari,Saidpur,Kamar Pukur,0.566,0.361,0.363,0.395,0.424,0.381,0.379,0.384,0.452,0.663,0.65,0.65
55773457,372616.6824,2893879.245,88.7255,26.1587,Rangpur,Panchagarh,Debiganj,Pamuli,0.555,0.396,0.368,0.391,0.374,0.372,0.353,0.374,0.51,0.595,0.706,0.706
55850363,403122.9124,2836714.88,89.0349,25.6449,Rangpur,Rangpur,Badarganj,Kutubpur,0.603,0.39,0.408,0.421,0.483,0.414,0.397,0.447,0.533,0.567,0.614,0.614
55854240,440072.1753,2849528.924,89.4024,25.7626,Rangpur,Rangpur,Kaunia,Kursha,0.648,0.41,0.423,0.433,0.492,0.449,0.476,0.573,0.664,0.656,0.716,0.716
55940884,327437.5819,2888370.768,88.2744,26.1042,Rangpur,Thakurgaon,Baliadangi,Paria,0.616,0.387,0.374,0.498,0.549,0.56,0.561,0.582,0.541,0.574,0.566,0.566
55948679,323736.6014,2869469.319,88.2399,25.9332,Rangpur,Thakurgaon,Ranisankail,Nekmarad,0.545,0.37,0.367,0.482,0.581,0.572,0.557,0.539,0.504,0.607,0.601,0.601
60360213,627422.428,2717079.119,91.2583,24.5624,Sylhet,Habiganj,Ajmiriganj,Ajmiriganj,0.417,0.349,0.355,0.344,0.315,0.358,0.408,0.553,0.756,0.671,0.656,0.656
60361144,633854.7089,2712759.988,91.3213,24.5229,Sylhet,Habiganj,Baniachong,Kagapasha,0.468,0.292,0.272,0.204,0.339,0.471,0.569,0.729,0.806,0.706,0.683,0.683
60362685,653895.8888,2675628.288,91.5151,24.1858,Sylhet,Habiganj,Chunarughat,Shatiajuri,0.795,0.687,0.624,0.587,0.531,0.531,0.458,0.53,0.546,0.552,0.616,0.616
60364476,644532.6859,2693936.66,91.4248,24.352,Sylhet,Habiganj,Habiganj,Richi,0.637,0.536,0.473,0.417,0.362,0.369,0.414,0.627,0.669,0.648,0.672,0.672
60367117,638379.148,2668312.882,91.3617,24.1212,Sylhet,Habiganj,Madhabpur,Bagasura,0.702,0.532,0.442,0.423,0.428,0.425,0.452,0.477,0.662,0.606,0.662,0.662
60367765,655925.0121,2718045.815,91.5397,24.5685,Sylhet,Habiganj,Nabiganj,Kargaon,0.506,0.361,0.329,0.25,0.37,0.418,0.511,0.614,0.714,0.642,0.653,0.653
60585628,687568.1378,2688701.782,91.8482,24.3001,Sylhet,Maulvibazar,Kamalganj,Islampur,0.842,0.749,0.716,0.717,0.665,0.663,0.607,0.615,0.618,0.56,0.643,0.643
60587421,674191.2477,2712014.308,91.7193,24.5121,Sylhet,Maulvibazar,Maulvibazar,Chandighat,0.671,0.486,0.458,0.439,0.398,0.363,0.364,0.447,0.501,0.497,0.586,0.586
60588021,689200.0424,2717275.111,91.8681,24.5579,Sylhet,Maulvibazar,Rajnagar,Kamar Chak,0.708,0.441,0.401,0.387,0.347,0.332,0.315,0.33,0.38,0.385,0.463,0.463
60588376,671341.2092,2689053.741,91.6884,24.3052,Sylhet,Maulvibazar,Sreemangal,Sindurkhan,0.754,0.579,0.516,0.494,0.459,0.439,0.413,0.481,0.489,0.467,0.557,0.557
60902385,663103.7552,2764519.378,91.616,24.9874,Sylhet,Sunamganj,Chattak,Saidergaon,0.651,0.546,0.464,0.449,0.416,0.396,0.404,0.426,0.491,0.445,0.555,0.555
60902966,634377.2264,2739081.892,91.329,24.7605,Sylhet,Sunamganj,Derai,Rafinagar,0.06,0.082,0.117,0.183,0.294,0.37,0.542,0.602,0.737,0.652,0.648,0.648
60903276,607278.8274,2765264.935,91.0631,24.9991,Sylhet,Sunamganj,Dharampasha,Selborash,0.436,0.371,0.365,0.369,0.36,0.369,0.429,0.559,0.671,0.616,0.664,0.664
60903386,661140.4601,2772086.649,91.5975,25.0559,Sylhet,Sunamganj,Dowarabazar,Uttar Dowarabazar,0.681,0.557,0.495,0.48,0.456,0.42,0.413,0.417,0.465,0.434,0.555,0.555
60905013,618568.9839,2757937.298,91.1743,24.9321,Sylhet,Sunamganj,Jamalganj,Beheli,0.085,0.127,0.15,0.198,0.31,0.353,0.448,0.6,0.711,0.517,0.661,0.661
60908671,626374.9605,2731484.737,91.2492,24.6926,Sylhet,Sunamganj,Sulla,Habibpur,0.25,0.236,0.239,0.238,0.358,0.413,0.52,0.636,0.726,0.632,0.623,0.623
60909264,617178.0718,2781946.934,91.1626,25.149,Sylhet,Sunamganj,Tahirpur,Tahirpur,0.18,0.2,0.226,0.254,0.276,0.324,0.425,0.607,0.736,0.622,0.712,0.712
60910840,679874.0429,2730117.827,91.7777,24.6749,Sylhet,Sylhet,Balaganj,Goula Bazar,0.665,0.484,0.465,0.451,0.421,0.41,0.434,0.446,0.554,0.525,0.601,0.601
60911725,717726.3077,2750035.566,92.1547,24.8498,Sylhet,Sylhet,Beanibazar,Charkhai,0.65,0.533,0.474,0.476,0.451,0.434,0.442,0.482,0.518,0.482,0.569,0.569
60912042,673347.7337,2748098.609,91.7154,24.838,Sylhet,Sylhet,Bishwanath,Deokalas,0.672,0.488,0.453,0.43,0.419,0.412,0.447,0.466,0.558,0.527,0.603,0.603
60913523,698674.8373,2733559.222,91.9639,24.7037,Sylhet,Sylhet,Fenchuganj,Fenchuganj,0.586,0.479,0.447,0.441,0.448,0.447,0.489,0.558,0.604,0.584,0.621,0.621
60913836,706019.9725,2745676.904,92.0383,24.8121,Sylhet,Sylhet,Golabganj,Dakshin Bade Pasha,0.548,0.479,0.451,0.439,0.456,0.461,0.469,0.603,0.618,0.611,0.638,0.638
60915976,724646.8389,2762216.399,92.2251,24.9587,Sylhet,Sylhet,Kanaighat,Purba Dighirpar,0.567,0.428,0.387,0.377,0.353,0.336,0.343,0.356,0.36,0.345,0.391,0.391
