ID,Longitude,Latitude,WAs,WP,WFe,WEc,WpH,WMg,WNa,WCa,WK,WS,SAs,SPAs,SAoAs,SAoFe,SpH,SEc,SOC,SP,Sand,Silt,Clay,Elevation,Year_Irrigation,Distance_STW,Land_type,Land_type_ID
1,89.1134,22.7544,0.059,0.761,3.44,1.03,7.03,33.9,69.4,99.1,5.3,2.936,29.1,9.89,13.28,2500,7.74,1.128,1.66,13.79,16.3,44.8,38.9,3,14,5,MHL,2
2,89.1232,22.7576,0.059,1.194,4.93,1.07,7.06,34.1,74.6,94.3,5.7,2.826,45.1,10.7,21.9,2670,7.87,1.021,1.26,15.31,11.1,48.7,40.2,5,20,6,MHL,2
3,89.1281,22.7499,0.079,1.317,9.7,1.4,6.84,40.5,89.4,133.9,6,2.307,23.2,5.869,12.266,2160,8.03,1.257,1.36,15.54,12.3,46.4,41.3,4,10,5,MHL,2
4,89.1296,22.7568,0.122,1.545,8.58,0.83,6.85,28.4,22.8,103.8,4,1.012,23.8,6.031,12.596,2500,8.07,1.067,1.61,16.28,12.7,43.6,43.7,3,8,8,MHL,2
5,89.1312,22.7366,0.072,0.966,4.78,1.42,6.95,43.4,93,130.5,5.3,2.511,26,6.627,13.805,2060,7.81,1.354,1.26,14.2,12.1,50.9,37.1,5,10,5,MHL,2
6,89.1305,22.7297,0.042,1.058,6.95,1.82,6.89,43.2,165.7,153.3,6.5,2.764,25.6,9.53,13.585,2500,7.77,1.442,1.74,13.41,16.7,43.6,39.8,2,9,5,MHL,2
7,89.1278,22.7302,0.075,0.868,7.81,1.71,6.86,50.1,110.5,172,5.9,2.792,26.3,6.708,13.969,2520,7.66,1.428,1.71,13.26,16.8,43.4,39.8,2,8,10,MHL,2
8,89.1236,22.7345,0.064,0.89,8.14,1.74,6.98,51.5,127,163.2,6.4,1.562,31.6,8.63,19,2140,7.89,1.385,1.69,14.84,13.7,40.8,45.5,3,10,8,MHL,2
9,89.1193,22.7506,0.065,0.639,8.99,1.57,6.82,48.2,96.1,159.6,6.5,1.521,19.2,4.785,10.069,2150,8,1.219,1.41,15.72,12.6,44.9,42.4,3,8,10,MHL,2
10,89.128,22.7445,0.06,0.736,8.82,1.42,6.84,28.7,95.9,157.4,3.7,1.454,12.4,2.943,6.333,2160,7.92,1.257,1.39,15.64,13.1,44.5,42.4,3,2,8,MHL,2
11,89.1289,22.7633,0.096,1.016,5.01,0.9,6.96,36.3,29.1,107.1,4.4,1.302,30.19,7.762,19.7,2180,7.96,0.894,1.71,17.06,12.1,41.3,46.7,2,20,5,MHL,2
12,89.3043,22.7113,0.213,1.6,5.69,0.88,6.85,34.6,20.9,113.1,6,0.982,11.3,2.645,5.728,2580,8.2,1.054,1.25,16.07,12,47.2,40.8,5,4,5,HL,1
13,89.2951,22.7133,0.427,1.241,10.98,0.9,7.01,32.8,19.9,121.2,4.7,1.026,21,5.273,11.058,2630,7.98,1.203,1.18,16.32,11.5,47.3,41.2,6,15,9,MHL,2
14,89.2953,22.721,0.164,1.071,7.87,0.7,6.9,23.5,16.6,91,3.7,0.805,25.4,7.55,11.7,2190,8.1,1.033,1.16,16.1,10.8,48,41.1,6,10,5,HL,1
15,89.2881,22.7448,0.053,0.784,3.06,0.75,7.1,22.9,38.9,78.3,3.9,0.682,10.4,2.401,5.234,3200,8.2,1.416,1.25,16.07,12,47.2,40.8,5,5,10,HL,1
16,89.2968,22.7341,0.076,0.701,2.88,0.71,7.21,20.6,32.2,86.5,3.6,0.737,17.1,3.76,10.28,2220,8.19,1.003,1.3,17.51,10.9,48.5,40.6,5,4,10,HL,1
17,89.3031,22.7341,0.086,1.331,3.59,0.7,7.05,38.7,18.7,62.6,7.2,0.522,11.7,2.753,5.948,2650,8.12,0.949,1.27,15.36,12.2,46.4,41.4,4,4,12,HL,1
18,89.306,22.727,0.018,0.338,2.83,0.63,7.09,19.9,20.1,82.4,1.3,0.642,4.7,0.857,2.102,2780,8.21,0.853,1.3,18.13,11.3,49.3,39.4,6,5,10,HL,1
19,89.2685,22.731,0.145,1.325,5.27,1.47,7.1,52.5,131.8,110.8,9.4,1.545,20.19,5.053,10.613,2230,8.08,1.373,1.65,17.12,12.3,42.1,45.6,3,8,6,MHL,2
20,89.2086,22.7428,0.139,0.68,5.22,2.3,7.03,66.6,214.6,171.4,10.9,8.62,13.6,3.268,7.65,2250,8.02,2.269,1.21,15.9,12.1,45.4,42.5,5,5,9,HL,1
21,89.2516,22.6787,0.287,2.136,5.05,2.06,7.02,56.2,252.7,120.9,11.8,1.052,20.24,5.067,11.6,2250,8.04,1.902,1.61,15.06,13.5,41.7,44.8,3,7,5,MHL,2
22,89.2565,22.6658,0.113,1.429,4.62,2.19,7.05,54.7,328.9,140,12.1,1.093,16.4,3.34,8.53,2290,8.39,2.135,1.44,17.78,12.4,46,41.6,4,3,5,MHL,2
23,89.271,22.6572,0.2,1.766,3.25,1.06,7.01,48.3,51.6,90.2,8.3,0.718,11.9,2.808,5,2950,8.13,1.529,1.54,15.21,12.7,44.6,42.8,3,4,12,MHL,2
24,89.265,22.6632,0.23,1.758,3.01,1.32,7.09,45.5,116.2,85.6,10,0.716,14.7,3.566,7.596,2310,8.02,1.853,1.5,15.01,13.5,41.6,44.9,3,3,5,MHL,2
25,89.2603,22.6658,0.258,2.699,7.45,1.42,7.24,35.9,235.3,78,11.3,0.614,11.4,2.672,4.95,2310,8.14,2.012,1.61,15.68,13,42.8,44.2,3,3,17,MHL,2
26,89.2459,22.6507,0.127,1.602,4.68,0.75,7.15,36.3,46.4,65.5,6.6,0.552,9.8,2.239,4.904,2760,8.07,2.44,1.62,14.18,13.2,41.5,45.3,2,1,5,MHL,2
27,89.2371,22.6642,0.166,1.691,3.41,1.26,7.04,37.4,155.5,90.9,8.1,0.806,19.9,5.067,11.6,2550,8.39,2.37,1.37,17.16,12.9,43.7,43.4,1,7,5,MHL,2
28,89.2217,22.668,0.163,1.182,4.37,1.28,7.15,46.4,123.5,94.7,12.4,0.865,27.7,7.088,14.739,2330,8.22,2.137,1.64,16.45,11.5,42.3,46.2,3,10,9,MHL,2
29,89.2166,22.6713,0.129,1.132,5.01,1.51,7.02,48,173.1,93.1,12.9,0.879,19,4.731,9.9,2340,8.2,2.054,1.66,15.21,12.1,41.6,46.4,2,8,5,MHL,2
30,89.2484,22.7184,0.097,1.208,3.67,0.58,6.91,23.2,15.9,63.9,4,0.547,14.4,3.485,8.27,2350,8.41,1.19,1.34,16.96,13.1,43.3,43.6,1,7,25,MHL,2
31,89.2267,22.8037,0.186,1.468,5.41,0.9,6.97,37.5,65.7,85.8,6.7,0.737,14.9,2.37,5,2350,8.21,0.566,1.44,18.99,10.5,49.5,39.9,4,5,10,HL,1
32,89.208,22.8049,0.033,0.641,6.31,0.76,6.86,33.5,13.3,102.7,4.9,0.837,10.28,2.369,6.26,2360,8.17,0.755,1.15,18.42,12.3,46.1,41.5,7,3,25,HL,1
33,89.1447,22.7707,0.23,1.279,3.83,1.03,7.11,39.6,83.7,92,9.8,0.828,30.5,6.8,17.1,2370,8.16,0.95,1.32,15.46,13.3,44.3,42.3,3,8,5,MHL,2
34,89.1122,22.7593,0.032,1.017,5.19,1.31,7.11,48.8,71.2,133.8,6.5,1.164,10.1,2.32,5.72,2370,8.19,1.005,1.26,15.67,11.5,48,40.4,6,1,5,MHL,2
35,89.1366,22.7363,0.092,0.919,5.74,1.11,7.02,40.3,60,113.7,6.1,0.97,35.2,8.72,18.8,2100,7.87,1.375,1.51,14.07,12.7,45.5,41.8,2,12,5,MHL,2
36,89.1414,22.7323,0.127,1.253,5.98,0.82,6.95,31.1,24.5,103.1,4,0.927,21.3,6.47,12.2,2380,7.96,1.461,1.71,17.06,12.1,41.3,46.7,2,15,9,MHL,2
37,89.1598,22.7247,0.078,1.269,7.39,2.09,6.95,57.8,208.3,183.9,8.2,2.509,21.2,3.15,10.2,2380,8.18,1.688,1.49,14.46,13.2,42.4,44.4,2,11,5,MHL,2
38,89.1317,22.7464,0.073,1.769,6.41,2.9,6.88,69.3,499,218,14.8,11.33,12.4,3.45,6.333,2380,8.06,1.247,1.46,16.62,11.6,47,41.4,4,1,10,MHL,2
39,89.2292,22.7289,0.137,0.955,4.09,1.34,6.96,50.1,102.8,124.7,8.7,1.066,8,1.751,4.56,2380,8.22,2.299,1.27,18.12,11.1,49.1,39.8,6,4,20,HL,1
40,89.2397,22.7246,0.22,1.616,2.92,0.92,7.01,39.5,54.9,84.7,6.1,0.698,19.8,3.34,9.1,2380,8.41,1.831,1.15,18.86,9.9,43.8,46.3,8,8,7,HL,1
41,89.2445,22.7175,0.108,1.288,2.35,0.56,7.12,26.6,15,62.4,3.8,0.523,13.1,3.133,6.717,2380,8.43,1.416,1.48,17.63,13,41.7,45.3,3,8,5,MHL,2
42,89.2153,22.7228,0.177,1.34,4.63,2.13,7.07,49.7,323.7,117.3,9.6,0.989,14.8,3.593,7.651,2390,8.1,2.697,1.69,17.48,12.1,41.5,46.4,3,2,5,HL,1
43,89.2281,22.7249,0.066,0.978,4.77,1.27,7.13,47.1,109.5,104.6,10.7,0.924,15.1,2.88,6.2,2410,8.44,2.417,1.35,16,10.9,46.3,42.8,4,10,5,HL,1
44,89.2318,22.7121,0.085,1.102,6.23,2.05,6.97,63.6,241.2,137,14,1.131,26.8,4.67,15.4,1980,8.26,2.228,1.3,16.03,13.4,44.3,42.3,3,15,5,MHL,2
45,89.2265,22.7006,0.162,1.291,5.31,1.9,7.02,54.1,290.7,112.6,13.3,1.03,16.9,4.162,11.5,2410,8.16,2.373,1.61,16.88,12,44,44,2,7,5,MHL,2
46,89.2226,22.7031,0.177,1.443,5.17,2.09,7.08,56.4,327.4,120.2,11.9,1.07,16.7,4.108,9.28,2420,8.42,2.489,1.52,17.37,12.5,44.4,43.1,3,4,5,MHL,2
47,89.2196,22.6956,0.2,1.133,5.47,2.04,7.07,55.8,329.8,118.3,14,1.04,16.8,4.135,10.45,2420,8.38,2.271,1.44,18.74,12.6,44.5,42.9,3,5,5,MHL,2
48,89.1928,22.7065,0.183,1.327,6.32,1.63,6.81,49.9,159,132.8,9,1.11,18.2,4.514,7.3,2420,8.42,1.764,1.52,17.37,12.5,44.4,43.1,3,5,5,MHL,2
49,89.195,22.6983,0.233,1.916,5.42,1.39,6.87,47.6,140.9,107.1,9,0.917,11.3,2.645,5.728,2420,8.26,1.76,1.58,17.26,12.7,45.1,42.2,2,5,12,MHL,2
50,89.1994,22.6999,0.281,2.205,6.42,1.52,6.96,42.9,177.7,115.1,9,0.983,24.4,4.85,11.1,1980,8.43,1.864,1.48,17.63,13,41.7,45.3,3,12,10,MHL,2
51,89.1411,22.7645,0.218,0.871,5.29,1.42,6.97,51.5,115.8,137.6,7.7,1.159,18.1,4.487,6.42,2430,8.43,0.963,1.48,17.63,13,41.7,45.3,3,4,5,MHL,2
52,89.1382,22.7653,0.148,0.962,5.32,0.93,6.98,26.3,66.1,103.5,4.5,0.918,23.4,5.923,11.1,2780,8.29,0.918,1.41,18.25,10.5,47.9,41.6,4,9,5,MHL,2
53,89.1345,22.7663,0.144,1.252,4.84,0.86,7.04,34.8,36.7,100.2,5,2.687,20,3.81,6,2430,8.2,0.87,1.38,15.91,12.6,45.1,42.2,3,8,5,MHL,2
54,89.1319,22.76,0.077,1.281,5.34,1.33,6.94,43.3,89.1,139.1,5.8,9.932,27.9,7.142,12.3,2430,8.25,0.995,1.38,16.13,12.9,44.1,43,2,10,5,MHL,2
55,89.1372,22.756,0.098,1.536,5.51,1.48,6.65,45,148.5,122.9,7.5,1.622,27.2,6.952,14.464,2440,8.05,1.112,1.32,15.3,12.1,46.5,41.5,4,18,5,MHL,2
56,89.1385,22.7514,0.114,1.334,9.76,1.67,6.85,48.3,98.8,197.3,6.6,1.658,20.1,7.1,7,2150,8.17,1.225,1.59,15.85,12.4,44.1,43.5,2,7,5,MHL,2
57,89.1377,22.7464,0.082,1.057,2.44,0.9,6.99,24.1,14.1,70.4,3.3,0.547,17.3,4.94,5.7,2450,7.96,1.275,1.66,17.88,12.7,41.9,45.4,3,5,5,MHL,2
58,89.1409,22.7678,0.258,1.36,9.58,0.95,7.01,30.2,74.4,91.9,6.3,0.845,23.7,5.12,13.4,2460,8.11,0.905,1.16,17.03,11.2,47.8,40.9,5,8,5,MHL,2
59,89.1863,22.7726,0.174,1.543,8.03,1.56,6.85,39.8,219.6,92.4,8.8,0.845,19.3,5.09,8.5,2670,8.19,1.381,1.3,17.51,10.9,48.5,40.6,5,6,3,HL,1
60,89.1895,22.7771,0.129,1.694,9.54,1.52,6.84,44,164.6,116.2,8.1,1.017,11.2,1.85,1.39,2460,8.51,1.278,1.27,14.72,9.9,49.1,41.1,4,8,5,HL,1
61,89.1994,22.7768,0.188,1.498,4.65,1.7,7.01,39.5,250.3,120,8.5,0.792,7.8,1.697,3.806,2780,8.12,1.192,1.14,16.52,11.1,48,40.9,6,5,8,HL,1
62,89.2042,22.7805,0.2,1.15,3.41,1.12,7.12,29.2,142.2,77.8,6.9,0.698,15.7,4.32,8.146,2490,8.71,1.086,1.16,16.8,12.1,50.5,37.3,3,4,7,HL,1
63,89.2081,22.7814,0.135,0.832,3,1.06,7.1,40.9,70,96,6.4,0.775,16,4.73,6.96,2490,8.42,1.061,1.52,17.37,12.5,44.4,43.1,3,4,5,HL,1
64,89.2149,22.7814,0.181,1.225,2.62,1.06,7.09,30.4,118.9,78,6.7,0.692,17.2,3.34,10.5,2500,8.24,1.041,1.38,17.6,10.8,49.4,39.8,4,14,13,HL,1
65,89.2142,22.7779,0.167,0.937,2.19,1.07,7.31,31.9,118.8,77.9,6.6,0.657,16.6,3.34,6.7,2500,8.36,1.138,1.4,16.36,10.6,47.4,42.1,4,3,5,HL,1
66,89.1964,22.7831,0.157,1.098,3.15,1.72,7.15,34.8,134.7,107,6.8,0.747,10,2.98,6.19,2500,8.61,1.049,1.02,16.45,10.2,51.4,38.4,7,4,15,HL,1
67,89.1886,22.7822,0.193,0.966,4.89,1.14,6.97,41.7,212,97.2,9.2,0.82,13.9,3.86,6.26,2500,8.67,1.18,1.03,16.36,11.3,51.5,37.2,7,1,5,HL,1
68,89.193,22.7923,0.159,1.494,2.95,1.14,7.02,28.9,147.9,74.3,7.1,0.65,11,2.83,9.66,2500,8.31,0.907,1.26,17.18,11.1,48.5,40.4,6,5,20,HL,1
69,89.1924,22.8057,0.054,0.851,7.55,0.9,6.67,38.4,28.1,121.7,6.6,0.985,11.3,2.645,5.728,2510,8.47,0.924,1.17,17.35,11.2,45.6,43.2,7,3,5,HL,1
70,89.2429,22.8168,0.152,1.113,4.31,0.79,7.02,26.5,44,96,5.3,0.763,6.8,3.81,3.7,2510,8.07,0.539,1.1,19.55,11.7,43.8,44.5,7,8,15,HL,1
71,89.107,22.7634,0.146,1.123,4.51,0.65,7.54,23.9,14,86.4,4.1,0.794,25.2,5.2,16.63,2550,8.22,0.902,1.42,18.64,10.8,49.4,39.8,4,3,4,MHL,2
72,89.1049,22.7694,0.05,1.06,4.97,1.54,6.71,36,78.8,157,5,5.133,26.7,7.87,15.5,2250,8.09,0.809,1.67,17.69,12.1,42,45.9,3,12,8,MHL,2
73,89.1039,22.7724,0.044,1.288,2.46,1.14,6.74,34.1,43.3,138.3,4.2,2.222,13.1,3.133,6.717,2570,7.82,0.777,1.33,13.35,13.4,46.9,39.7,3,8,6,MHL,2
74,89.1295,22.7664,0.08,0.937,6.25,0.74,6.72,21.8,19.8,111,3.4,1.01,23.8,4.31,11,2570,8.15,0.828,1.31,15.06,12,46.7,41.4,4,8,5,MHL,2
75,89.129,22.7683,0.085,0.962,4.24,0.79,6.94,32.9,24.1,101.1,4.5,0.952,26.4,7.28,12.3,2570,8.06,0.787,1.46,16.62,11.6,47,41.4,4,14,5,MHL,2
76,89.1401,22.7722,0.101,1.063,4.94,0.83,7.02,32.9,27.6,102.6,3.9,1.147,51.6,14.47,27.869,2570,8.15,0.863,1.59,16.01,13.5,41.8,44.8,3,15,9,MHL,2
77,89.1392,22.7675,0.247,1.44,5.13,0.9,7.01,26.4,66.2,97.9,5.4,0.866,18.6,7.1,10.4,2580,8.07,0.89,1.3,15.12,12.4,46.4,41.2,4,8,5,MHL,2
78,89.1624,22.765,0.175,1.32,4.87,1.28,7,44.1,146.1,103.3,9.8,0.945,7.3,1.29,3.2,2580,8.32,1.316,1.17,19.6,10.1,44.7,45.2,8,4,4,HL,1
79,89.1593,22.7563,0.174,1.232,3.3,1.23,7.05,43.5,124.4,104.1,7.3,0.898,16.9,3.4,8.805,2590,8.63,1.366,1.06,16.24,10.9,52,37.1,6,8,9,HL,1
80,89.1483,22.7454,0.059,1.238,4.68,2.13,7.03,53.8,278.5,148.3,8.1,7.668,21.7,7.2,12.3,2590,8.5,1.402,1.33,14.81,12,46.9,41.1,2,12,4,MHL,2
81,89.1501,22.7431,0.079,1.186,5.61,2.2,7.01,63.9,277,163.4,9.5,6.032,23.5,4.85,10.4,2590,8.13,1.442,1.54,15.21,12.7,44.6,42.8,3,8,5,MHL,2
82,89.1411,22.7548,0.053,0.79,3.22,2.32,7.01,62.1,248,238.5,8.7,14.171,17.8,3.6,15.7,2600,8.05,1.196,1.32,15.3,12.1,46.5,41.5,4,6,4,MHL,2
83,89.1401,22.7418,0.143,1.335,4.73,1.15,6.97,31.4,25.9,106.2,4.4,0.976,20.3,3.81,11.5,2600,7.72,1.343,1.68,14.88,14,43.7,42.3,3,15,5,MHL,2
84,89.1425,22.749,0.099,0.538,5.01,0.81,6.81,42.6,110.8,156.2,6.1,1.503,19.3,5.25,7.73,2610,7.81,1.308,1.45,13.23,16.2,47.6,36.2,2,6,4,MHL,2
85,89.1478,22.7755,0.082,1.603,7.12,0.64,7.01,20.3,15.4,84.5,3.1,0.706,15.9,4.94,8.256,2610,7.86,1.063,1.41,14.54,12.9,45.9,41.2,3,5,5,MHL,2
86,89.1497,22.7764,0.124,1.36,6.88,0.79,6.99,30.1,36.6,101.3,4.5,0.904,25.4,7.37,15.1,2610,7.81,1.104,1.27,13.92,12.2,49.5,38.3,6,10,7,MHL,2
87,89.1413,22.7812,0.083,1.387,7,0.72,6.86,23.4,31.5,94,3.9,0.836,15.8,3.2,4.7,2080,8.01,0.882,1.62,14.73,13.8,41.8,44.4,2,4,5,MHL,2
88,89.1449,22.7774,0.106,0.763,5.23,0.88,6.88,22.7,61.4,105.5,4.1,0.919,23,3.87,8.5,2610,8.06,0.969,1.46,16.62,11.6,47,41.4,4,10,5,MHL,2
89,89.113,22.7941,0.216,1.403,3.12,0.86,7.09,32.3,67.3,87.9,6.7,0.772,26.5,7.37,17.83,2620,8.23,0.616,1.52,15.83,12.9,43.3,43.8,3,9,4,HL,1
90,89.1121,22.7992,0.133,1.922,3.77,0.51,6.87,17.3,14.5,69.2,2.8,0.562,28.2,7.97,18.7,2880,8.27,0.626,1.29,16.65,12.6,45.6,41.8,3,10,5,HL,1
91,89.1164,22.8134,0.118,1.2,6.23,0.83,6.8,30.2,26,110,4.6,0.877,16.5,3.09,9.7,2630,7.71,0.725,1.54,15.27,11.7,48.3,40,4,14,4,HL,1
92,89.1238,22.8112,0.031,0.998,5.86,0.65,6.8,19.6,16.3,76.5,4.4,0.661,9.4,2.13,4.685,2630,8.19,0.827,1.21,18.68,11.6,44.1,44.3,8,11,10,HL,1
93,89.1262,22.8062,0.021,0.582,3.13,0.48,6.94,18.1,7.6,70.1,4.7,0.575,9.7,3.14,3.6,2340,7.64,0.792,1.39,14.27,11.8,52.2,36,5,6,20,HL,1
94,89.1251,22.8158,0.059,0.758,6.76,1.06,6.8,40,46.5,134.9,5,4.668,12.36,3.45,6.311,2650,7.5,0.907,1.57,15.1,12.3,47.6,40.1,4,12,5,HL,1
95,89.1219,22.8229,0.179,0.786,5.35,1.53,6.95,45.6,163.7,144.6,8.7,1.2,22,5.544,11.607,3400,7.86,0.86,1.54,14.39,12.9,44.9,42.1,2,6,5,HL,1
96,89.1722,22.6779,0.095,0.798,6.53,2.21,6.89,53.9,289.6,179.5,8.7,1.401,47.6,12.49,25.672,2670,7.76,1.769,1.74,13.37,16.7,43.6,39.8,2,14,5,MHL,2
97,89.175,22.67,0.097,1.094,6.91,0.98,6.93,34,35.8,134,4.5,1.138,22.4,4,10.5,2680,7.82,1.778,1.33,13.35,13.4,46.9,39.7,3,12,4,MHL,2
98,89.1829,22.6694,0.118,0.714,6,1.22,7.04,43.2,64.5,149.2,5.7,1.18,17.5,3.6,12.72,2680,7.53,1.758,1.57,15.1,12.3,47.6,40.1,4,9,4,MHL,2
99,89.1947,22.6647,0.132,1.228,6.7,0.9,7,28.6,66.5,100.5,5,0.9,12.9,3.078,7.5,2680,7.14,1.862,1.76,13.81,16.5,43,40.5,3,3,4,MHL,2
100,89.1936,22.6763,0.089,0.764,8.73,2.4,6.93,56.5,298.1,215.4,7.6,1.733,21.9,5.517,12.6,2700,6.54,1.787,1.71,13.26,16.8,43.4,39.8,2,10,5,MHL,2
101,89.1752,22.6631,0.107,0.747,7.57,1.42,6.99,46.3,93.2,170,6.3,1.351,26.1,5.6,16.25,2700,6.96,1.867,1.71,13.26,16.8,43.4,39.8,2,11,5,MHL,2
102,89.1613,22.6911,0.178,0.799,6.49,1.43,7.01,38.5,122.1,126.4,7.4,1.057,18.2,2.7,13.1,2700,7.94,1.752,1.66,17.02,12.3,41.9,45.8,3,1,5,MHL,2
103,89.1691,22.69,0.144,0.765,6.7,1.38,7.02,40.6,128.5,137.5,8,1.117,18.5,4.595,7.6,2700,8.34,1.693,1.45,17.95,13.2,42.2,44.6,2,9,5,MHL,2
104,89.1745,22.7198,0.167,1.335,5.18,1.1,6.85,43.5,98.1,113.2,7,0.954,9.9,2.68,4,2700,8.18,1.567,1.49,14.46,13.2,42.4,44.4,2,7,12,MHL,2
105,89.1559,22.735,0.112,1.067,4.87,1.65,6.94,43.2,197.9,147.1,7.1,3.25,17.6,4.352,10.9,2700,8.33,1.575,1.46,17.89,12.8,42.4,44.8,2,13,5,MHL,2
106,89.1568,22.7206,0.096,1.445,6.13,1.89,6.78,50.1,252.2,156.2,8.7,1.839,22.9,6.65,13.5,2710,8.26,1.654,1.58,17.26,12.7,45.1,42.2,2,18,4,MHL,2
107,89.1537,22.7209,0.079,1.074,6.66,1.08,6.86,32.4,62.1,126.5,4.9,1.868,24.1,6.74,14,2300,7.97,1.646,1.71,15.78,9.5,40.8,49.7,2,15,15,MHL,2
108,89.1496,22.7373,0.083,0.804,9.47,1.76,6.87,56.9,155.1,179.6,8.2,1.447,17.2,5.6,8.97,2710,8.11,1.49,1.58,15.34,13.3,41.7,45,3,1,5,MHL,2
109,89.1578,22.7306,0.105,1.003,4.07,1.21,7.04,38.9,106.4,114.9,7.1,0.987,11.6,2.37,6.96,2400,7.84,1.638,1.33,15.03,12.2,48.1,39.6,4,1,5,MHL,2
110,89.1699,22.7257,0.106,1.045,9.35,2.03,6.78,54,232.2,175.2,8.8,1.432,23.3,7.2,12.321,2720,8.1,1.682,1.67,16.48,12.4,41.6,46,2,1,4,MHL,2
111,89.1666,22.7279,0.16,1.051,6.03,1.22,6.96,36.6,108.2,122.7,6,1.039,22.8,5.97,15.2,2020,8.12,1.696,1.59,17.39,13,42.8,44.3,3,8,4,MHL,2
112,89.1723,22.7273,0.137,1.24,3.74,1.25,7.04,37.7,143.3,112.6,6.1,0.968,17.7,4.379,8.54,2190,8.25,1.656,1.29,17.13,12.6,45,42.3,3,5,5,MHL,2
113,89.1722,22.7677,0.079,1.037,6.9,3.57,6.75,91.6,415,274,14.7,41.295,16.4,3.15,12.84,2740,8.38,1.413,1.25,16.99,10.2,48.7,41.2,6,1,5,HL,1
114,89.2308,22.7417,0.176,1.032,3.88,0.84,6.87,38.6,21.8,106.2,5.1,0.961,15.7,5.97,9.2,2740,7.94,1.466,1.34,15.96,11.7,46.5,41.7,4,3,6,HL,1
115,89.2318,22.7328,0.216,1.167,4.35,1.63,6.97,56.4,173,142,9.6,3.465,27.7,6.4,14.739,2750,8.01,2.04,1.24,14.19,11.2,47.6,41.3,4,7,4,HL,1
116,89.2321,22.751,0.12,1.359,4.38,0.53,6.84,20.2,10.8,71.6,3.4,0.566,14.1,4.06,5.72,2760,8.16,1.254,1.32,15.37,11.9,47.3,40.8,4,10,22,HL,1
117,89.2355,22.7635,0.126,1.171,7.1,1.1,6.9,24.6,90.1,114.5,4.8,2.917,21.2,3.78,14.4,2760,7.93,1.049,1.32,15.65,12.2,46.5,41.3,4,11,5,HL,1
118,89.2298,22.7667,0.199,1.706,4.19,1.73,6.97,44.1,258.2,96.8,9.9,0.836,11.1,2.11,6.49,2760,8.08,1.191,1.31,14.58,12,46.8,41.2,4,1,5,HL,1
119,89.221,22.7639,0.278,1.134,6.03,1.77,7.13,39.1,274.8,106.5,9.5,0.895,15.2,5.09,10.2,2770,8.12,1.413,1.27,15.36,12.2,46.4,41.4,4,11,3,HL,1
120,89.2212,22.7684,0.209,1.148,2.52,1.32,7.02,38.3,250.3,92.8,9.3,0.804,13.2,3.16,5.41,2780,8.07,1.358,1.3,15.12,12.4,46.4,41.2,4,4,5,HL,1
121,89.2361,22.7905,0.198,1.358,6.41,0.73,6.84,31.1,20.3,92.2,6,0.719,19.5,6,11.4,2790,8.02,0.566,1.31,15.36,12.4,46.1,41.5,4,12,4,HL,1
122,89.2364,22.7752,0.115,1.382,3.63,0.59,6.85,25.2,14.1,84.6,3.7,0.654,21.5,5.408,8.92,2800,7.96,0.84,1.34,15.89,11.9,46.2,41.9,4,1,5,HL,1
123,89.2392,22.7915,0.044,1.165,3.25,0.5,6.9,15.7,16.6,68.4,2.6,0.924,14.4,3.485,7.432,2800,7.86,0.517,1.26,13.45,11.9,47.8,40.3,4,11,4,HL,1
124,89.2491,22.8029,0.048,1.27,3.91,0.51,6.92,18.1,17.1,70.4,3.1,0.55,16,3.04,10.1,2800,7.51,0.442,1.39,14.27,11.8,52.2,36,5,2,5,HL,1
125,89.2599,22.8064,0.064,1.229,3.77,0.53,6.91,19.1,19.3,72.2,3.1,0.696,12.36,1.65,10.31,2800,7.29,0.549,1.39,14.27,11.8,52.2,36,5,10,5,HL,1
126,89.2629,22.8051,0.042,0.993,4.23,0.54,6.9,16.1,15.6,81.3,2.5,0.839,11.4,2.672,6.49,2230,7.48,0.569,1.41,13.88,11.1,51.7,37.2,6,7,22,HL,1
127,89.2513,22.7944,0.016,0.318,2.35,0.56,7.01,16.2,15.3,85,3.1,1.913,9.7,1.65,5.7,2170,7.46,0.435,1.57,15.1,12.3,47.6,40.1,4,8,8,HL,1
128,89.2501,22.7646,0.011,0.271,1.92,0.45,7.09,13.6,10.1,76.7,1.7,1.132,8.9,1.995,4.41,2800,7.42,0.701,1.41,13.88,11.1,51.7,37.2,6,4,12,HL,1
129,89.2618,22.7576,0.035,0.737,2.54,0.49,6.79,15.3,11.7,73.4,2,0.572,14.1,2.8,9.8,2800,7.57,0.864,1.42,17.17,11.1,49.8,39.2,8,9,5,HL,1
130,89.2662,22.761,0.02,0.791,2.31,0.47,6.77,16.8,8.9,69.2,3.3,0.546,8.3,1.832,4.7,2800,7.43,0.886,1.34,14.26,11.4,51.6,37,7,8,6,HL,1
131,89.2705,22.7624,0.017,1.138,2.91,1.23,6.87,19.8,8.9,65.1,9.4,0.538,8.6,1.914,5.26,2820,7.58,0.966,1.39,14.27,11.8,52.2,36,5,2,15,HL,1
132,89.2796,22.7691,0.12,1.017,5.34,0.76,6.86,40.7,15.2,99.9,4.9,0.751,22.1,6.92,12.7,2820,7.73,1.094,1.38,14.27,12.3,52.1,35.6,5,15,3,HL,1
133,89.2676,22.7811,0.027,0.609,6.4,0.78,6.82,20,22.7,125.5,1.8,1.47,13.7,2.34,7.047,2340,8.12,0.628,1.27,15.36,12.2,46.4,41.4,4,4,12,HL,1
134,89.2648,22.7887,0.024,0.874,1.98,0.39,6.94,11,11.1,57.5,1.7,0.437,8.5,1.886,4.19,2820,7.9,0.539,1.24,15.97,10.4,49.7,39.9,6,2,15,HL,1
135,89.2596,22.7962,0.087,1.075,2.92,0.54,6.9,17.3,14,78.4,3.1,0.597,17.5,5.2,10.8,2440,6.85,0.483,1.41,13.88,11.1,51.7,37.2,6,17,4,HL,1
136,89.2567,22.8024,0.135,1.647,4.62,0.56,6.95,16.8,17.4,73.4,3.2,0.584,13.4,4.06,5.72,2830,7.87,0.484,1.23,14.22,10.7,50.8,38.5,6,4,5,HL,1
137,89.192,22.7472,0.109,1.09,4.89,0.94,6.92,39.4,38.9,112.9,5.7,1.21,27.4,5.6,16.7,2400,7.66,1.865,1.42,17.17,11.1,49.8,39.2,8,16,4,HL,1
138,89.1986,22.7489,0.053,1.065,3.35,1.66,6.85,39.9,149,159.6,5.1,10.461,8.5,1.65,4.19,2840,7.86,1.923,1.19,16.23,10,50.2,39.8,7,4,25,HL,1
139,89.2198,22.7375,0.184,1.043,3.61,0.92,7.01,29.1,64.3,107.9,6.1,0.914,16.6,3.5,5.9,2200,8.13,2.397,1.16,18.13,12.4,45,42.5,7,4,5,HL,1
140,89.2397,22.7457,0.016,0.627,3.65,0.49,6.86,16.4,8.6,77.2,1.6,0.588,13,2.52,10.2,2850,8.23,1.172,1.3,19.28,12.5,45.1,42.4,7,15,8,HL,1
141,89.2523,22.752,0.101,0.992,7.92,2.79,6.58,79.2,342,307,8.8,25.032,18.6,2.88,12,2880,7.97,0.919,1.15,16.42,11.5,46.8,41.6,5,8,5,HL,1
142,89.2553,22.7785,0.016,0.308,3.53,0.65,6.81,14.1,22.7,103.4,2,2.474,9.2,2.076,3.6,2300,7.77,0.499,1.41,16.32,11.5,50.4,38.1,8,2,10,HL,1
143,89.2652,22.7854,0.035,0.756,3.9,0.5,6.84,15.2,16.3,74.4,2,0.588,9.5,1.85,6,2910,7.48,0.556,1.39,14.27,11.8,52.2,36,5,4,10,HL,1
144,89.2595,22.7988,0.013,0.216,2.98,0.49,6.88,12.2,11.3,74.9,1.6,1.294,13.6,2,3.16,2940,8.02,0.492,1.21,15.9,12.1,45.4,42.5,5,5,4,HL,1
145,89.2436,22.7948,0.021,0.489,2.61,0.56,6.91,20.2,14.4,80.2,5.4,1.02,6.7,1.75,2.2,2980,7.77,0.453,1.34,13.89,11.7,51.9,36.4,5,3,8,HL,1
146,89.2483,22.7824,0.021,0.85,2.82,0.49,6.98,13.8,11.1,76.3,1.4,0.89,10.23,1.6,5.141,2990,7.79,0.499,1.41,13.72,15.5,48.7,35.8,4,6,5,HL,1
147,89.2688,22.7203,0.081,1.372,6.56,0.61,6.84,20.7,12.8,94.7,2.8,0.765,12.3,3.96,8.7,3040,7.83,1.37,1.23,14.3,11.8,49.6,38.6,5,3,4,HL,1
148,89.2751,22.7177,0.018,0.312,3.15,0.66,6.98,16.8,15.8,99.1,1.7,1.302,10.8,1.65,3.5,2340,8.41,1.489,1.23,16.99,11.4,45.7,42.9,5,2,4,HL,1
149,89.2783,22.7022,0.148,1.247,5.44,1.62,6.96,57.7,149.9,143.5,8.6,5.936,18.8,3.42,9.849,3060,7.38,1.473,1.76,13.81,16.5,43,40.5,3,4,5,MHL,2
150,89.2864,22.7123,0.074,0.808,2.58,0.78,7.12,48.9,22.4,89.4,6.4,1.459,15.5,2.88,6.4,3680,8.23,1.463,1.4,17.57,10.9,48.7,40.4,4,6,4,HL,1
151,89.1632,22.7967,0.117,1.204,5.61,0.51,7,32.5,32.3,115.6,4.2,0.993,11.4,1.85,7,3100,8.27,1.394,1.13,17.27,9.1,48.6,42.4,5,2,4,HL,1
152,89.1364,22.784,0.186,1.187,5.59,1.06,6.97,40.3,62.4,119.5,5.5,1.149,19.2,6.59,8.5,3200,7.98,0.797,1.64,17.77,12,42.4,45.6,3,5,6,MHL,2
153,89.139,22.7855,0.105,0.905,5.79,0.93,6.92,28.9,52.6,107,4.1,0.919,20.1,5.029,11.9,3220,8.19,0.859,1.42,18.65,10.7,49.2,40.1,4,6,8,MHL,2
154,89.1311,22.7954,0.038,0.792,5.69,0.74,6.78,26.2,26.5,98.2,4.3,0.836,15.8,6.4,8.201,3340,8.09,0.786,1.34,14.86,11.8,47,41.2,4,4,5,HL,1
155,89.1134,22.8178,0.125,1.095,6.3,0.68,6.87,28.3,11.6,92.2,5,0.749,8,2.8,3.4,3360,8.16,0.703,1.32,15.37,11.9,47.3,40.8,4,7,15,HL,1
156,89.1216,22.8175,0.042,0.893,7.32,0.68,6.8,23.4,18.6,96.4,4.1,0.825,14.7,1.2,7.596,3400,8.29,0.841,1.41,18.25,10.5,47.9,41.6,4,3,4,HL,1
157,89.1283,22.728,0.109,0.876,6.36,0.86,6.89,29.7,34.6,120.6,4.3,0.99,12.6,4.22,4.37,3180,8.02,1.459,1.58,16.54,12.9,42.6,44.4,2,4,7,MHL,2
158,89.127,22.8179,0.043,0.814,8.05,0.67,6.73,20.8,12,95.4,4.2,0.797,11.2,3.6,7.5,2990,7.89,0.963,1.23,15.63,11.1,49.5,39.5,5,2,5,HL,1
159,89.1507,22.7921,0.02,0.666,6.63,0.71,6.75,20.4,14.8,99.2,2.8,0.848,8.8,1.7,5.45,3740,8.18,1.241,1.36,16.96,10.5,48,41.4,4,1,6,HL,1
160,89.1498,22.7711,0.118,1.36,6.63,1.095,7.02,38.5,88.7,107.4,7.3,0.914,17.4,4.065,9.44,4010,8.3,1.057,1.35,10.44,8.7,16.3,75,3,6,10,MHL,2
161,89.1478,22.773,0.114,0.8,5.74,1.076,7.04,35.2,85.6,129.9,6.4,1.079,17.5,3.841,10.34,4940,8.15,1.032,1.78,10.77,8.3,26.7,65,3,8,15,MHL,2
162,89.144,22.7818,0.094,0.79,5.79,0.979,6.98,28.6,70.2,106,4.9,0.971,23.5,5.341,11.92,2870,8.45,0.949,1.07,11.2,7.8,42.2,50,8,8,20,MHL,2
163,89.1432,22.7798,0.134,0.83,4.96,1.089,7.01,24.7,87.7,113.2,4.8,1.107,15.8,4.356,7.64,1900,8.4,0.918,1.13,8.17,10.4,30.9,58.7,3,5,15,MHL,2
164,89.1388,22.7912,0.123,0.72,5.85,1.044,6.99,27.8,80.5,118.1,5.6,1.204,18.7,4.579,12.68,4000,8.31,0.924,1.7,11.53,10.3,29.7,60,8,7,15,HL,1
165,89.1374,22.7825,0.166,1.07,4.62,1.089,7.1,34.3,70,126.4,5.1,1.069,26.3,5.126,13.14,2200,8.2,0.809,1.99,11.31,9.1,28.4,62.5,4,12,15,MHL,2
166,89.1293,22.7923,0.182,1.01,6.18,0.992,7.03,40.8,72.3,122.2,5.7,0.991,27.9,8.265,14.53,1780,8.37,0.719,1.37,17.81,11.1,48.9,40,6,10,15,HL,1
167,89.1247,22.7672,0.146,1.24,5.96,0.955,7.03,35.9,89,122.8,4.2,1.052,30.7,8.235,16.04,2330,8.28,0.79,1.4,25.61,23.7,31.8,44.5,5,13,10,MHL,2
168,89.1434,22.7741,0.252,1.23,7.09,1.101,7.06,32.3,110,109.1,6.6,0.952,26.5,7.87,15.65,1450,8.29,0.929,1.4,12.39,11.2,26.8,62,8,8,10,MHL,2
169,89.1451,22.7545,0.135,1.04,4.22,1.22,7.08,39.9,108.6,110.4,7.6,0.972,18.3,4.831,10.31,2490,8.4,1.261,1.48,13.04,11.6,47.6,40.8,6,4,10,MHL,2
170,89.1471,22.7501,0.125,0.72,5.27,1.422,7.05,32.2,211,149,5.6,2.01,26.4,7.709,16.08,3600,8.12,1.347,2.6,10.88,13,34.2,52.8,3,14,15,MHL,2
171,89.1412,22.7449,0.205,1.53,4.85,1.041,7.07,30.6,80.1,108.7,5.2,1.224,16.3,6.262,12.68,4800,7.65,1.318,2.19,8.06,10.9,35.5,53.6,2,6,10,MHL,2
172,89.138,22.7629,0.178,1,4.31,1.005,7.05,27.4,52,110.9,5.3,1.122,23.5,4.404,10.54,2470,8.25,0.97,1.5,5.46,13,27.5,59.5,2,2,10,MHL,2
173,89.1339,22.7622,0.052,0.92,4.4,1.539,7.03,37.8,159.4,133.7,6.1,2.771,16.2,3.078,6.45,3290,8.27,0.961,1.27,5.03,8.3,29.2,62.5,4,4,10,MHL,2
174,89.1345,22.7536,0.122,0.99,4.37,1.152,7.07,37.7,97.7,112.4,6.4,1.411,24.2,7.446,12.67,1790,8.47,1.147,1.54,10.01,8.3,23,68.7,4,12,10,MHL,2
175,89.1389,22.7484,0.119,0.43,5.32,1.418,7.13,43.2,111,168.8,5.2,1.416,24.2,7.953,16.15,3840,8.07,1.268,1.68,18.13,5.8,37.5,56.7,2,8,5,MHL,2
176,89.243,22.8105,0.032,0.31,2.34,0.59,7.16,16.4,8.2,81.6,2.8,1.855,4.8,0.779,2.42,1980,8.14,0.467,0.55,4.38,27.9,49.2,22.9,6,5,15,HL,1
177,89.2469,22.8069,0.112,1.25,4.63,0.748,6.97,24.2,58,98.2,5,0.797,5.5,1.511,4.24,2020,8.32,0.447,0.78,27.13,12.8,45.5,41.7,7,1,10,HL,1
178,89.2487,22.8046,0.095,1.21,2.89,0.531,7.16,18.8,17,79.2,3.8,0.836,9.6,2.586,6.41,3240,8.16,0.447,0.78,13.58,17.5,43.8,38.7,4,5,10,HL,1
179,89.1258,22.7626,0.118,1.03,5.15,1.041,7,38.7,47,124.8,4.7,1.322,31.6,8.626,14.36,1370,8.23,0.889,1.83,13.48,8.8,22.5,68.7,2,8,10,MHL,2
180,89.1252,22.7601,0.099,0.97,4.41,1.076,7.22,42.8,85.6,121,6.2,3.766,26.3,4.652,11.56,2010,8.34,0.951,1.68,9.14,6.6,25.5,67.9,2,5,6,MHL,2
181,89.1137,22.7571,0.121,1.17,10.71,0.9,6.92,37.9,37,150.7,6,1.35,16.7,4.907,10.73,2340,8.17,1.059,1.35,22.68,9.1,55.5,35.4,6,3,10,MHL,2
182,89.111,22.7567,0.097,1.45,10.7,2.03,6.9,46.5,237.6,188.5,6.1,4.258,33.2,6.913,18.22,3930,8.03,1.095,0.98,25.72,9.6,25,65.4,4,9,15,MHL,2
183,89.109,22.7591,0.115,1.12,8.65,0.891,6.94,32.9,35,125.4,4,1.14,19.1,3.071,8.18,3460,8.17,1.017,1.48,4.7,10.7,38.4,50.9,4,4,10,MHL,2
184,89.0985,22.7801,0.099,1.05,7.87,0.844,6.92,22.9,48.7,117.6,4,1.176,22.6,6.653,15.94,3220,8.23,0.756,1.35,17.05,13.7,17.5,68.8,3,11,5,MHL,2
185,89.1168,22.7529,0.105,1.04,5.17,1.016,7.04,39.9,39,124,6.2,1.109,24.2,4.084,8.99,1210,8.42,1.148,0.92,6.43,7.8,28.8,63.4,4,6,5,MHL,2
186,89.1256,22.7534,0.103,1.12,7.24,1.124,6.98,42.9,66,137,6.1,5.306,25.8,5.664,11,2030,8.31,1.175,1.68,27.67,12.1,19.2,68.7,4,8,10,MHL,2
187,89.1253,22.7502,0.062,1.07,3.88,2.83,6.97,66.8,405,182.1,7.9,11.296,19.8,3.773,9.09,2670,8.36,1.284,1.31,14.56,9.5,28,62.5,5,8,10,MHL,2
188,89.1295,22.7422,0.13,1.22,7.52,0.851,7,32.6,65,122,4.2,1.157,19.7,5.172,10.92,3190,7.95,1.274,1.87,9.03,10,35,55,2,9,15,MHL,2
189,89.115,22.7917,0.171,1.64,7.01,0.874,6.96,31.2,53.5,114.3,4.7,0.939,19.4,4.845,10.93,1170,8.29,0.614,0.92,12.39,25,42.5,32.5,6,7,20,HL,1
190,89.1108,22.7967,0.142,1.3,7.69,0.933,6.93,31,62.9,130.3,5,1.08,18.7,4.069,13.33,1830,8.39,0.62,1.09,19.87,7.5,51.3,41.2,5,2,20,HL,1
191,89.1203,22.8143,0.074,0.69,8.68,1.116,6.9,35.6,54,136.3,5.2,2.71,17,3.261,9.42,3820,8.07,0.798,1.4,5.46,12.5,25.4,62.1,4,8,10,HL,1
192,89.1088,22.8219,0.094,0.78,4.63,0.803,6.9,26,42.2,107.8,5.3,0.97,12.8,3.587,9.13,2910,8.3,0.67,0.88,11.09,12.5,25.4,62.1,5,6,20,HL,1
193,89.1156,22.8246,0.121,1.4,8.92,0.843,6.97,27.5,48.5,110.4,4.5,0.936,18.1,3.588,10.17,2590,8.3,0.753,1.23,6.22,12.5,36.3,51.2,9,4,25,HL,1
194,89.1188,22.8203,0.145,1.03,8.02,1.051,6.97,34.5,40,145.8,5.1,1.195,22,6.672,17.4,1340,8.34,0.79,1.42,9.9,12.5,28.8,58.7,5,6,20,HL,1
195,89.1299,22.805,0.074,1.06,5.28,0.543,7.05,19.2,26,80.1,3.4,0.697,12,1.756,6.05,1460,8.32,0.849,0.92,6.54,14.6,46.7,38.7,7,3,10,HL,1
196,89.1504,22.8154,0.458,1.3,9.78,0.817,7.22,23.8,70,117.8,4.3,0.955,17.3,3.469,11.29,3290,8.35,1.555,0.9,5.57,12.1,51.7,36.2,6,8,10,HL,1
197,89.1477,22.7767,0.206,1.5,9.07,2.06,6.92,42.1,242.4,116.6,10.3,1.126,13.6,2.566,5.65,2510,8.42,1.068,1.11,7.08,14.6,46.7,38.7,3,9,5,MHL,2
198,89.1809,22.7785,0.227,0.95,3.21,2.07,7.23,47.3,220,95.3,9.7,0.812,5.9,1.772,3.13,1450,8.62,1.362,0.78,6.22,21.3,62.5,16.2,7,4,10,HL,1
199,89.1857,22.7876,0.207,1.19,2.84,1.54,7.23,34.5,159.5,86.5,8.9,0.783,9.3,1.827,4.38,2270,8.65,1.109,0.88,3.08,27.8,47.5,24.7,4,2,20,HL,1
200,89.1856,22.7921,0.191,1.3,3.34,1.342,7.18,35.1,80,87.8,8.1,0.757,11.7,2.521,4.62,3600,8.7,1.054,0.9,9.03,15.8,61.7,22.5,4,1,15,HL,1
201,89.1993,22.7949,0.183,1.27,3.47,1.083,7.19,30.4,146,89.7,6.3,0.787,17.2,4.351,9.99,1930,8.67,0.825,0.96,23.77,13.3,50.5,36.2,4,15,10,HL,1
202,89.2476,22.7234,0.173,1.86,4.22,0.806,6.97,33.4,42.6,78.4,6.5,0.659,15.5,5.934,9.88,3290,8.13,1.225,1.27,14.02,15.8,34.2,50,5,6,30,MHL,2
203,89.2549,22.7153,0.154,1.33,2.6,0.741,7.07,31.1,30,82.6,4.7,0.667,20.9,4.845,11.98,1540,8.45,1.03,1.19,9.14,9.9,35.9,54.2,4,10,12,MHL,2
204,89.2553,22.7113,0.233,1.06,2.89,0.776,7.18,32.1,18,87,5.3,0.699,26.9,7.177,13.44,2610,8.52,1.096,1.4,8.82,8.7,48,43.3,4,5,10,MHL,2
205,89.2497,22.714,0.361,1.51,7.6,0.976,7.08,34.7,37,95.6,7.7,0.803,51.8,14.804,26.11,2150,8.43,1.172,1.66,14.45,11.2,40.5,48.3,4,19,10,MHL,2
206,89.2658,22.6545,0.332,2.08,6.73,2.8,7.03,75,360.2,140.1,14.3,1.266,15.2,1.26,3.04,2920,8.51,1.783,0.55,2.43,12.4,63.4,24.2,3,6,10,MHL,2
207,89.275,22.6482,0.175,1.55,3.58,1.35,7.15,51.7,100,98.9,7.7,0.808,18,4.365,8.05,3290,8.46,1.097,1.07,11.13,10.4,39.2,50.4,2,3,10,MHL,2
208,89.279,22.6473,0.094,1.31,4.65,0.722,7.02,25.7,29.3,107.5,4.3,0.846,5.7,1.03,3.1,3050,7.92,0.925,1.46,37.17,8.5,34.8,56.7,8,6,30,MHL,2
209,89.2439,22.6606,0.245,1.04,4.63,3.15,7.16,76,416,138.7,14.3,1.134,16.8,3.726,10.45,4010,8.33,2.458,1.03,13.73,8.6,51.8,39.6,5,3,15,MHL,2
210,89.2418,22.6462,0.2,0.68,8.07,3.12,7.03,81.7,411.2,210.6,12.3,1.613,13.9,4.87,10.07,2740,8.18,2.324,0.72,5.73,6.1,49.3,44.6,3,5,10,MHL,2
211,89.2418,22.6895,0.296,0.76,8.36,2.36,7.16,60.2,290.2,157.4,13.3,1.326,23.1,9.104,17.56,3740,8.29,1.798,1.17,26.8,7,53.8,39.2,6,11,15,MHL,2
212,89.2418,22.6832,0.382,1.05,8.34,2.41,7.05,55.8,260,172,11.8,1.427,23.9,6.473,12.55,1860,8.34,1.91,1.13,13.51,11.6,51.3,37.1,5,7,15,MHL,2
213,89.2506,22.6751,0.183,1.37,4.81,2.17,7.08,57.7,259.9,133.1,12.4,1.167,14.6,4.294,10.18,2070,8.39,2.028,1.74,30.04,9.5,43.8,46.7,7,2,30,MHL,2
214,89.2288,22.6964,0.098,0.99,4.93,2.94,7.18,69.8,433,132.4,15.5,1.136,15.12,5.273,4.28,1690,8.61,2.225,1.09,6.17,9.1,50.5,40.4,5,3,10,MHL,2
215,89.2553,22.7644,0.012,0.47,2.11,0.734,7.21,17.1,51,87.4,2.7,2.84,9.3,1.304,2.56,2650,7.81,0.667,0.7,5.63,12.9,54.2,32.9,6,2,10,HL,1
216,89.2518,22.7797,0.019,0.54,3.08,0.615,7.17,15.9,12.2,88.7,2.5,1.192,6.6,1.543,4.42,3000,7.67,0.492,1.23,12,14.6,54.2,31.2,6,5,10,HL,1
217,89.2577,22.7861,0.037,0.89,3.57,0.602,7.21,17.9,10.1,84,2.8,0.653,6.8,2.061,4.28,3510,7.97,0.45,0.9,9.51,17.5,41.3,41.2,5,10,10,HL,1
218,89.2504,22.7871,0.02,0.36,2.15,0.547,7.29,16.4,45,83.3,2.1,1.344,7.6,0.939,2.63,1610,8,0.446,0.68,13.94,18.7,58.4,22.9,8,3,10,HL,1
219,89.2435,22.788,0.019,0.49,2.39,0.623,7.34,17.1,33,80,3.3,0.804,7.8,1.428,4.59,3380,7.94,0.511,1.07,19.78,13.7,43.4,42.9,5,11,10,HL,1
220,89.2359,22.7949,0.117,1.59,5.88,0.787,7.05,29.1,39.6,99.3,4.2,0.781,19.5,4.122,13.59,2890,7.85,0.51,1.23,23.34,8.6,27.2,64.2,5,4,15,HL,1
221,89.2307,22.8034,0.153,1.56,6.3,0.897,7.02,37.1,87,99.7,5,0.808,18.14,6.569,13.62,2080,8.07,0.517,1.09,26.26,10.7,21.4,67.9,4,11,10,HL,1
222,89.2332,22.8122,0.126,1.18,3.97,0.889,7.18,35.6,20,94.2,8.8,1.164,12,3.033,6.53,1970,8.31,0.57,1.31,22.26,20.7,46.4,32.9,8,8,10,HL,1
223,89.2244,22.7658,0.242,1.27,4.89,2.23,7.3,48.5,269.4,94.1,10.3,0.82,14.9,3.626,12.46,2000,8.35,1.361,1.33,17.94,10.7,38.9,50.4,6,10,20,HL,1
224,89.2077,22.7578,0.24,1.19,3.22,2.233,7.25,52.6,348,112.1,10.6,0.91,13.6,4.139,8.3,2110,8.31,1.612,1.21,21.61,8.3,43,48.7,8,12,10,HL,1
225,89.2122,22.774,0.194,1.17,2.73,1.471,7.2,39,130,92,7.8,0.819,15.3,3.277,7.4,2740,8.3,1.236,1.74,13.73,10.8,24.2,65,3,9,15,HL,1
226,89.2063,22.7629,0.075,0.94,7.56,1.032,6.93,31.5,114,127,4.9,1.042,17,3.649,12.63,3220,8.33,1.465,1.05,9.73,5.4,48.4,46.2,4,9,12,HL,1
227,89.2175,22.7549,0.231,0.91,3.05,2.4,7.2,50.9,357,123.6,11.3,1.045,12.5,2.899,8.61,3060,8.13,1.588,1.05,22.8,10.3,37.2,52.5,5,5,35,HL,1
228,89.2278,22.7378,0.249,1.36,5.1,1.332,7.11,42.5,126.4,106.2,9.3,0.894,21.23,4.973,11.56,1000,8.4,1.776,1.13,14.91,10.4,33.4,56.2,6,8,10,HL,1
229,89.2337,22.7394,0.162,1.13,4.56,0.916,7.13,37.8,110,111.5,6.2,1.093,6.4,1.894,5.57,2340,8.53,1.461,0.99,13.51,10.8,53,36.2,7,4,30,HL,1
230,89.2352,22.7322,0.173,1.68,6.44,3.355,7.03,82.8,373,204.7,11.4,23.618,22.8,2.889,12.6,3750,8.08,2.042,0.91,15.35,8.3,55.5,36.2,5,3,15,HL,1
231,89.2776,22.7167,0.071,0.9,5.36,2.34,7.15,70.3,287,159.3,11.1,12.7,19.5,4.034,10.56,2520,8.18,1.516,0.85,20.64,10.8,49.2,40,2,2,10,HL,1
232,89.2825,22.7101,0.036,0.36,4.5,3.17,7.12,76,470,175,8.8,28.186,12.9,3.125,8.15,2830,8.17,1.497,1.03,17.29,7.9,50.1,42,9,3,45,HL,1
233,89.2709,22.7077,0.033,0.48,4.83,1.527,7.13,36.1,187,171.8,3.7,4.318,10.6,2.109,5.46,1840,8.43,1.322,0.54,13.62,10.4,60.1,29.5,7,5,10,MHL,2
234,89.2844,22.7204,0.055,0.84,2.31,0.669,7.26,25.5,20.8,89.5,4.4,0.724,13.7,3.587,9.66,3510,8.24,1.464,0.85,15.56,4.9,45.1,50,3,3,10,MHL,2
235,89.2648,22.7366,0.256,1.63,6.2,1.443,7.18,43,74,93.3,9.9,0.927,27.2,7.797,22.5,2430,8.62,1.204,1.11,38.35,4.9,70.1,25,5,4,10,MHL,2
236,89.1725,22.7234,0.17,1.38,5.29,1.533,7.13,48.8,158.4,127.3,7.5,1.087,22.6,6.655,15.72,1790,8.55,1.634,1.46,36.84,10,50,40,3,13,10,MHL,2
237,89.1685,22.7306,0.171,1.18,6.22,2.02,7.03,52.3,236,156.2,8.8,1.303,16.6,4.087,10.04,1200,8.22,1.651,1.86,14.16,12.5,40,47.5,2,3,10,MHL,2
238,89.1629,22.7295,0.147,1.54,4.96,1.83,7.56,42.6,205.7,112.5,7,0.948,33.9,7.703,20.04,3740,7.97,1.67,2.6,46.03,12.1,31.7,56.2,3,8,10,MHL,2
239,89.1664,22.7245,0.092,0.87,6.27,3.25,7.18,75.7,431.9,244.1,9.3,2.002,18.19,2.756,6.06,1810,7.86,1.732,1.22,3.25,9.5,53,37.5,3,7,10,MHL,2
240,89.1679,22.7198,0.145,0.9,6.87,2.04,7.08,50.5,276,163,8.5,1.339,14.6,4.521,11.49,3880,7.77,1.62,2.64,8.43,17,43,40,3,7,10,MHL,2
241,89.1712,22.7167,0.153,1.02,5.43,1.787,7.14,43.2,198.9,128.9,8,1.06,19.1,4.383,11.16,1760,8.21,1.523,1.65,6.49,18.4,51.3,30.3,2,8,25,MHL,2
242,89.1823,22.709,0.157,1.14,9.79,2.29,6.96,64.1,279,206.1,9.8,1.852,25.7,4.555,11.42,2910,8.26,1.501,0.93,24.53,10.8,43.4,45.8,5,10,10,MHL,2
243,89.1794,22.7009,0.246,1.38,5.27,1.848,7.03,43.8,208.6,135.8,8.7,1.124,29.1,9.251,20.44,1820,8.23,1.538,1.48,52.3,10.9,58.8,30.3,4,10,20,MHL,2
244,89.1724,22.6907,0.077,0.76,5.81,2.48,7.06,53.3,288.6,172.4,9.6,14.002,17,5.245,12.01,2290,8.25,1.66,1.48,15.02,12.5,55.5,32,4,18,10,MHL,2
245,89.1606,22.6873,0.249,0.74,4.71,1.584,7.22,40.3,106,129.7,8.6,1.114,13.6,3.658,7.96,1440,8.19,1.804,1.98,14.81,12.5,44.2,43.3,4,6,5,MHL,2
246,89.2083,22.7099,0.343,1.41,5.06,2.49,7.11,60.3,385,130.9,10.4,1.118,21,6.971,15.8,1470,8.36,2.379,1.67,32.63,16.6,45.1,38.3,4,1,15,MHL,2
247,89.2065,22.7046,0.312,1.82,9.78,2.1,7.18,46.7,248.7,96.9,10,0.913,17.4,5.324,10.64,1800,8.3,2.153,1.32,10.59,16.2,49.3,34.5,1,5,10,MHL,2
248,89.2055,22.6907,0.348,1.23,8.09,1.885,7.06,44.9,324,112,9.1,0.99,17.4,6.238,13.72,3890,8.33,1.895,1.63,22.8,11.6,48.9,39.5,4,5,10,MHL,2
249,89.216,22.6945,0.232,2.02,4.7,2.09,7.16,50.6,280,122.8,11.8,1.076,18.3,4.324,11.61,3020,8.36,2.15,1.71,8.65,8.3,38,53.7,5,9,15,MHL,2
250,89.2223,22.7002,0.168,0.94,4.44,2.225,7.2,52.9,180,113,14.1,1.007,20.2,5.991,13.06,3300,8.41,2.441,1.82,27.44,17.4,42.2,40.4,3,6,10,MHL,2
251,89.2162,22.7381,0.065,1.08,4.52,4.16,7.21,97.5,576.9,219.1,12.4,33.633,15,3.845,10.2,4470,8.03,2.514,1.03,11.46,8.3,46.7,45,4,4,6,HL,1
252,89.2179,22.7083,0.306,1.3,8.15,3.21,7.02,74.5,474,176,13.1,1.513,28.7,7.368,15.99,3040,7.88,2.614,1.9,11.67,8.7,35.9,55.4,4,3,5,MHL,2
253,89.2729,22.7274,0.068,1.18,8.09,4.08,7.04,104.4,466,232.3,12.9,22.78,18.6,4.164,14.27,2930,8.27,1.563,0.82,13.51,7.4,64.7,27.9,4,1,5,MHL,2
254,89.2778,22.7258,0.052,0.85,4.53,3.3,7.11,77.4,439.9,191,9.7,23.453,17.8,3.12,6.67,1780,8.43,1.557,0.6,8.22,17.1,57.5,25.4,5,15,10,MHL,2
255,89.2925,22.7247,0.174,0.72,5.94,0.689,7.14,22.6,24,92.5,3.3,0.735,24.2,4.946,15.39,3090,8.08,1.021,0.99,16.64,7.1,40,52.9,7,9,10,HL,1
256,89.2897,22.7352,0.04,0.99,4.16,1.338,7.09,32,191,127.2,3.8,1.014,13.4,3.32,5.23,1670,8.18,1.184,1.2,8.33,9.1,37.5,53.4,5,4,10,HL,1
257,89.3082,22.7324,0.12,0.65,6.64,1.08,6.93,43.5,74,69.2,8.6,0.585,9.7,2.637,4.73,1440,8.41,0.888,0.85,17.08,9.1,43.8,47.1,7,3,10,HL,1
258,89.3096,22.731,0.1,1.39,3.19,1.06,7.14,42,39,75.7,7.5,0.619,18.25,3.166,8.52,1730,8.49,0.864,1.38,18.05,13.6,43,43.4,4,11,15,HL,1
259,89.2926,22.7524,0.041,1.51,3.82,2.69,7.09,61.5,342.7,205.2,6.3,1.616,11.5,2.892,4.95,4680,8.03,1.563,1.38,6.92,7.7,36.4,55.9,5,3,10,HL,1
260,89.248,22.7897,0.024,0.59,5.39,0.54,6.91,14.5,33,75.8,2.7,0.898,17.6,1.514,3.52,1450,8.01,0.457,0.74,6.92,12.7,36.4,50.9,4,4,10,HL,1
261,89.2012,22.7886,0.193,0.45,2.19,1.157,7.25,36.1,163,96.2,7,0.806,20.1,5.754,13.89,1550,8.46,0.893,1.92,19.67,12.7,26.4,60.9,6,3,15,HL,1
262,89.2421,22.805,0.081,0.91,1.78,0.54,7.27,16.3,66,77.6,2.7,0.613,10.3,1.664,5.93,2970,7.93,0.438,1.28,11.89,15,52.1,32.9,4,9,10,HL,1
263,89.2396,22.8086,0.028,1.44,4.19,0.74,7.1,14.7,86,78.5,1.6,0.618,8.5,1.786,5.12,4020,7.84,0.466,1.42,22.15,17.5,60.8,21.7,5,10,10,HL,1
