FIPS,LBC_Rate
1003,48.1
1013,38.3
1013,38.3
1017,49.6
1023,31.8
1025,42
1031,53.7
1035,46.9
1039,65.5
1041,57.1
1045,55.7
1053,58.3
1053,58.3
1061,57.3
1067,51
1069,48.3
1091,55.4
1097,52.1
1099,44.9
1109,48.4
1123,53.3
1129,52.3
1131,42.5
5001,58.5
5003,63.9
5011,69.9
5011,69.9
5013,88.5
5017,78.2
5019,61
5021,88.2
5023,55.3
5025,74.8
5027,55.6
5029,53.5
5031,47.2
5033,62.5
5035,68.1
5037,82.5
5039,57.2
5041,63.1
5043,50.1
5045,54.3
5047,71.7
5053,60.1
5055,60.4
5057,49.2
5059,61.7
5061,68.2
5067,81.1
5069,60.7
5071,55.4
5073,54
5075,83.3
5077,44.4
5079,63
5081,51.3
5083,66.5
5085,65.7
5087,67.2
5091,57.6
5093,68.7
5095,96.6
5099,75.8
5101,61
5103,59.3
5105,70.1
5107,58.8
5109,69.9
5111,81.7
5113,64.8
5115,57.2
5117,51.2
5119,46.5
5123,59.6
5125,51.4
5127,54.9
5131,57.1
5133,51.8
5139,67.2
5141,53.2
5143,41
5145,61.5
5147,63.1
5149,60.7
6007,40.5
6011,29.2
6015,40.7
6021,52.2
6023,36.3
6025,22.8
6031,38.7
6033,49.3
6035,36.8
6041,21.6
6045,36.2
6047,36
6049,28.4
6055,33.4
6059,27.3
6067,36
6073,29.9
6077,35.6
6089,46.8
6093,38.8
6095,35.6
6097,31.3
6099,38.4
6101,38.3
6103,41.2
6105,36.7
6113,30.1
9003,33.8
10001,47.9
10005,46.1
11001,33.8
12003,56.6
12005,45.9
12007,48.6
12009,50
12011,32.4
12013,74.4
12015,42.5
12019,51.4
12021,26.1
12027,40.2
12029,65.2
12031,46.6
12033,53.4
12035,41.6
12037,51.1
12039,47.5
12041,56
12043,38.1
12045,51.9
12047,64.7
12049,50.8
12051,39.1
12053,52.3
12055,48
12059,59.1
12061,43.3
12063,57.7
12065,30
12067,55.1
12069,45.5
12071,34.9
12075,65.3
12077,60.3
12079,52.4
12081,36.1
12085,36.1
12087,37.5
12089,55.6
12091,50.3
12093,65
12095,34.5
12097,33.5
12099,32.6
12101,50.5
12103,44.5
12107,70.3
12109,41.6
12111,42.6
12113,45.5
12115,35.5
12117,35.7
12119,37.1
12121,64.4
12123,65.1
12127,47.3
12129,66.2
12131,47.9
12133,67.8
13001,49.7
13003,62.5
13005,60.7
13007,42.42
13009,50.9
13017,57.9
13019,47.3
13021,47.7
13023,60
13025,78.3
13027,51.8
13029,50.9
13031,54.5
13033,50.3
13037,56.49
13039,45.2
13043,46.1
13049,43.5
13051,36.9
13053,59.07
13055,60.7
13061,49.49
13065,54.5
13069,49.5
13071,60.9
13073,39.4
13075,61.5
13079,57
13081,47.5
13083,73.6
13087,48.1
13091,47.1
13093,35.2
13095,51.3
13099,57.1
13101,45.3
13103,50.5
13107,60.6
13109,44.2
13125,83.4
13127,42.6
13129,58.9
13131,45.7
13141,40.8
13153,46.6
13155,56.3
13161,63.4
13163,46.6
13165,58.4
13167,33.4
13169,48.5
13173,52.5
13175,60.6
13177,67
13179,46.7
13181,49.3
13183,38
13185,39.7
13189,54.2
13191,46.7
13193,43.6
13197,37.9
13201,52.7
13205,56.6
13209,33.7
13213,58.8
13215,45.7
13225,53.6
13229,65.1
13233,73.6
13235,49.1
13237,42.9
13239,61.48
13243,41.1
13249,54.31
13251,55.6
13253,59.4
13259,57.3
13261,48.1
13265,49.45
13267,43.4
13269,52.7
13271,37.1
13273,50
13275,58.7
13277,52.9
13279,60.6
13283,61.7
13287,70.9
13289,45.5
13299,51.4
13301,74
13303,52.3
13305,52.6
13307,45.5
13309,67.6
13315,40.2
13317,41.5
13319,46.3
13321,61.3
16003,31.13
16045,45.9
16061,54.3
16069,47.1
16087,42.3
17003,60.3
17127,60.5
17153,79.5
21007,62.5
21035,50.3
21039,84.1
21075,64.9
21083,61.1
21105,53.1
21145,52.3
21157,54
22001,62.3
22003,61.9
22005,47.2
22007,56.4
22009,60
22011,67.5
22013,56.4
22015,44.9
22017,49.2
22019,51.2
22021,58.3
22023,46.34
22025,69
22027,51.4
22029,60.4
22031,46
22033,39.7
22035,101.8
22037,51.3
22039,63.5
22041,43.7
22043,49.9
22045,61.2
22047,59.9
22049,46.4
22051,44.9
22053,66.8
22055,44.7
22057,51
22059,64
22061,46.8
22063,56.9
22065,47.7
22067,57.7
22069,50.3
22071,41.8
22073,55.1
22075,42.3
22077,42.8
22079,48.1
22081,59.6
22083,54.1
22085,43.9
22087,60
22089,49.7
22091,55.6
22093,51.3
22095,38.3
22097,57.8
22099,54.5
22101,56.1
22103,44.6
22105,55.6
22107,49.1
22109,58.1
22111,51.6
22113,51.9
22115,67.4
22117,57.1
22119,64.6
22121,50.8
22123,74
22125,61.6
22127,50
24011,59.1
24019,50.4
24029,37.2
24035,44.5
24039,63.3
24041,31.5
24045,57.4
24047,47.8
25025,37.1
26005,46.3
26011,66.2
26017,45.9
26019,42.5
26021,46.9
26031,59.7
26033,55.7
26035,57
26039,42.6
26041,45.1
26051,53.9
26055,37.8
26057,47.6
26063,45.8
26069,54.2
26073,49.3
26079,62.1
26085,65.6
26095,37.7
26097,56
26099,50.2
26101,52.2
26105,46.8
26107,57.3
26111,34.3
26113,52.8
26121,47.7
26123,55.3
26127,52.2
26129,61.9
26131,66
26133,50.3
26135,60
26139,29.6
26143,61.2
26145,47
26147,52.4
26153,69.4
26157,47.2
26159,57.7
26163,49.7
26165,51.3
28001,54.7
28005,56.7
28007,52.5
28009,57.6
28011,49.4
28013,55.1
28015,39.2
28019,41.9
28021,69
28023,50.1
28027,58
28029,51.3
28031,55.2
28033,60.8
28035,60.3
28037,39.6
28039,67.4
28041,48.1
28043,64.6
28045,57.4
28047,62.3
28049,44.3
28051,67
28053,62.6
28055,42.17
28057,62.3
28059,55.9
28061,51.4
28063,47.4
28065,45.8
28067,44.6
28069,29.3
28071,44.1
28073,34
28075,40.1
28077,59.2
28079,54.8
28083,49.7
28085,54.1
28089,63.1
28091,57.8
28093,62.1
28095,56.7
28097,44.2
28099,56.6
28101,53.1
28105,39.4
28107,70.1
28109,59.6
28111,45.7
28113,55.1
28117,67.1
28119,56.9
28121,39.8
28123,59.4
28125,52.99
28127,60.8
28129,46.3
28131,50.2
28133,70.2
28135,68.3
28137,57.7
28139,65.8
28141,73.9
28143,61.9
28147,47.8
28149,55.5
28151,66.6
28153,50.3
28155,72
28157,56.4
28159,50.6
28161,75.7
28163,75.2
29023,82.8
29069,93.8
29133,62.3
29143,65.9
29155,83.1
29201,72.2
29207,67.2
31005,31.85
31009,39.83
31017,37.36
31031,38.56
31069,38.23
31071,36.43
31075,36.41
31089,27
31091,41.1
31111,42.8
31113,38.03
31115,35.85
31117,33.85
31149,41.72
31171,31.14
31183,30.82
32003,42.2
34001,41.2
34009,44
34029,42.5
36005,29
36031,43.7
36033,52.4
36035,48.4
36041,69.7
36043,44.6
36047,27.9
36059,29.3
36061,26.5
36081,25.2
36085,39.9
36087,25.4
36103,36.6
36113,50.2
36119,28.8
37007,51.1
37013,53
37015,50.9
37017,52.2
37019,48.1
37025,42.8
37029,42.5
37031,50.1
37037,33.6
37041,51.3
37047,51.5
37049,53
37051,49.8
37053,57.4
37055,53.8
37057,59.4
37059,48.5
37061,49
37063,35.3
37065,48.5
37073,46.3
37077,53.1
37079,43.5
37081,42.3
37083,48.2
37085,55.4
37091,36.8
37093,55.1
37095,61.9
37101,56.2
37103,60.5
37105,51.8
37107,48
37117,50.5
37119,34.7
37123,44.3
37125,42.5
37127,51.7
37129,47.6
37131,48.9
37133,64.7
37135,37.4
37137,54
37139,50.1
37141,49.9
37143,41.1
37145,49.7
37147,39.3
37151,59.1
37153,47.7
37155,57.9
37159,55.4
37163,53.4
37165,64.8
37167,50.1
37177,52.55
37179,39.8
37187,50.1
37191,53.7
37195,49.6
40003,42.8
40005,59
40009,42.9
40011,35.2
40013,60.2
40015,51.2
40017,42.4
40019,57.7
40023,61.4
40027,43.6
40029,52
40031,48.5
40033,61.8
40035,66.6
40037,64.3
40039,61.4
40043,53.51
40047,48.4
40049,58.7
40051,50.2
40053,43.93
40055,73.2
40057,51.47
40059,41.88
40061,55
40063,70.8
40065,52.4
40067,66.8
40069,59.3
40071,64.2
40073,42.8
40075,68.4
40077,50.1
40079,66.1
40081,56.2
40083,49.5
40085,68.1
40087,53.3
40089,63.7
40091,54.6
40093,44.9
40095,66
40099,51.3
40101,65.7
40103,36
40105,75.1
40107,53.4
40109,50.8
40111,68.3
40113,49.8
40115,71.4
40117,63.4
40119,42.5
40121,67.2
40123,57.7
40125,62.6
40127,58.2
40129,39.98
40131,43.4
40133,52.9
40137,52.2
40141,41.6
40143,46
40145,50.8
40147,52.5
40149,38.6
40151,64.3
40153,38.4
41003,28.9
41005,35.8
41011,56.2
41015,46.6
41017,28.8
41019,49.6
41029,39.2
41033,48.8
41039,38.6
41041,41.7
41043,49.1
41047,41.2
41053,34.9
41057,43.8
41063,34.15
42101,50.1
44001,32
45003,44.4
45005,49.6
45009,56.9
45011,55.4
45013,30
45015,53.7
45017,47
45019,37.4
45023,58.8
45025,54.4
45027,44.8
45029,58.3
45031,46.7
45033,53.1
45035,43.4
45037,31.3
45039,52.7
45041,46.8
45043,43.6
45047,47.6
45049,56.7
45051,51.6
45053,34
45055,49.2
45057,45.2
45061,58.8
45063,39.9
45065,45
45067,38.4
45069,64.4
45071,44.5
45075,42.6
45079,42.9
45081,44.5
45085,51.3
45087,58
45089,47.8
47007,56.3
47013,79.3
47017,78.3
47033,48.5
47035,52.7
47045,65
47047,42.5
47051,54
47053,51.5
47061,63.3
47069,65.6
47075,44.1
47079,58.5
47095,65.1
47097,76.3
47119,60.6
47129,62.8
47131,58.5
47143,79.2
47151,82.9
47153,65.8
47157,46.9
47167,67.1
47183,58.7
48001,58.1
48003,39.5
48005,48.9
48007,48.5
48009,47
48013,29.9
48015,36.1
48019,40
48021,47.8
48023,50.7
48025,36.5
48027,50.2
48029,28.6
48031,27.2
48033,36.09
48035,58.3
48037,56.1
48039,42.1
48041,30.6
48045,40.81
48047,32.87
48049,48.9
48051,41.5
48053,42
48055,36.6
48057,47.8
48059,42.4
48061,21.7
48063,45.9
48067,55.3
48071,54.2
48073,38
48075,52.2
48077,58.5
48079,36.04
48081,45.74
48083,56.8
48085,28.1
48087,44.68
48089,33.7
48091,35.7
48093,35.7
48095,36.28
48097,45.1
48099,53.1
48101,42.92
48103,40.84
48105,34.92
48113,34.6
48115,44.2
48119,51.5
48121,31.4
48123,55.7
48125,42.05
48127,30.8
48131,33.6
48133,44.5
48135,44.2
48137,31.6
48139,40.8
48141,21.5
48143,35.5
48145,47.7
48147,53.9
48149,34.5
48151,43.69
48155,40.38
48157,25.8
48159,45
48161,43.6
48163,26.6
48165,26.5
48167,47.4
48171,28.5
48173,28.81
48175,34.9
48177,34.6
48181,50.7
48183,49.1
48185,47.3
48187,38.2
48191,43.28
48193,53.7
48197,41.52
48199,49.6
48201,33.8
48203,46.5
48207,38.8
48209,29.3
48213,56.2
48215,19.7
48217,43.1
48221,46
48223,47.9
48225,39.2
48227,44.3
48231,57
48235,33.8
48237,33
48239,43.3
48241,45.5
48245,46.2
48247,31.49
48249,26.2
48251,47.6
48253,40.7
48255,42
48257,53.3
48259,28.8
48261,31.9
48263,44.19
48265,37
48267,40.3
48269,38.14
48271,30
48273,33.1
48275,41.76
48277,58.6
48281,49.5
48283,27.96
48285,37
48287,47.1
48289,58.8
48291,64.5
48293,61
48297,44.1
48301,62.16
48307,37.5
48309,41.4
48311,33.45
48313,49.4
48315,54.1
48317,42.81
48321,39.4
48323,16.4
48325,35.3
48327,39.92
48329,35.9
48331,42.5
48333,37.18
48335,35.5
48337,59.7
48339,40.6
48343,69.2
48345,46.56
48347,47.4
48349,48.9
48351,37.1
48353,37.9
48355,34.3
48361,55.6
48363,54.7
48365,61
48367,47.5
48371,19.5
48373,76.5
48379,52.8
48383,35.88
48385,55.3
48387,53.3
48391,40.3
48395,47.4
48397,34.1
48399,44
48401,45.3
48403,62.3
48405,59.5
48407,53.7
48409,44
48411,37.29
48413,37.44
48415,54.3
48417,50.27
48419,62.3
48423,31.1
48425,42.3
48427,21.9
48429,54.7
48431,40.64
48433,49.34
48435,39.53
48439,38.7
48441,37
48445,40.4
48447,43.88
48449,40.1
48451,41.4
48453,27.6
48455,68.3
48457,42.5
48459,44.8
48461,42.39
48463,31.4
48465,25.2
48467,46.1
48469,39
48471,37.9
48473,38.6
48475,57.6
48477,32
48479,20.9
48481,34.4
48483,46.3
48485,51.4
48487,35
48489,25.7
48491,31
48493,29.2
48495,46.36
48497,54.1
48499,47.1
48501,32.51
48503,59.1
48505,27.18
48507,27.63
50007,36.5
50013,66.4
51001,61.5
51033,40.3
51036,34.5
51057,53.8
51073,60.7
51081,57.5
51085,46.1
51087,42.6
51093,33.4
51095,31.1
51097,60.6
51099,54.8
51101,39.5
51103,51.3
51115,42.2
51119,42.2
51127,51.8
51131,56.9
51133,34.9
51149,45.1
51159,54.3
51175,42.8
51181,59.6
51183,77.4
51193,55.8
51199,30
51510,23.5
51550,46.3
51570,54.2
51595,49.9
51650,46.5
51670,63
51700,53.7
51710,47.6
51730,64.4
51735,38
51740,56.3
51760,42.5
51800,41.4
51810,41
51830,30.2
53007,34.4
53009,39.8
53015,46.5
53027,52.4
53029,27
53033,29.8
53035,37.3
53049,45.5
53053,43.8
53055,28.4
53057,38.7
53061,38.9
53067,41.3
53069,37.82
53073,35.4
54005,77.8
54039,52.2
54045,70.1
54047,66.3
54059,73.5
54109,76.8
1001,54.2
1005,48.9
1007,54.2
1009,55.2
1011,66.6
1019,58.8
1021,49.8
1043,55.8
1047,51.5
1049,54.4
1051,53.1
1055,59.3
1057,58.6
1063,48.4
1065,47.5
1073,47.3
1075,66.2
1081,55.1
1085,49.5
1087,52.8
1093,51.4
1095,61.5
1101,42.2
1105,51
1107,46.7
1111,45.6
1113,55.8
1115,57.3
1117,34.6
1119,48.4
1125,46.5
1127,73.8
1133,49.4
4001,16.3
4003,38
4005,20.5
4007,35.5
4009,29.3
4011,42.4
4012,39.8
4013,32.3
4015,55
4017,26.5
4019,31.9
4021,30.5
4023,18.7
4025,35.3
4027,27.8
5005,56.5
5007,41.6
5009,58.9
5015,37.5
5049,68.9
5051,53.3
5063,54.9
5065,46.2
5089,55.3
5097,42.7
5121,61.4
5129,55
5135,61.3
5137,66.5
6001,28.5
6003,32.48
6005,41.8
6009,37.8
6013,30
6017,31.8
6019,31.4
6027,34.7
6029,34.7
6037,26.3
6039,32.2
6043,31.8
6051,22.23
6053,25.5
6057,27.9
6061,29.2
6063,41
6065,32.1
6069,26.7
6071,33.2
6075,28.8
6079,30.1
6081,24.1
6085,25.2
6087,24.8
6091,32.39
6107,31.9
6109,34.1
6115,54.9
8003,25.6
8007,23.6
8021,20.16
8023,20.29
8037,12.3
8053,21.44
8079,22.73
8105,22.3
8107,20
8109,21.16
8111,28.45
9005,35.1
9013,34.6
9015,47.3
10003,43.6
12001,38.7
12017,54
12023,69.1
12057,40.4
12073,37.4
12083,45.9
12086,26.8
12105,43.8
12125,134.7
13011,45.6
13013,60.5
13015,48.4
13035,62.7
13045,55.3
13047,47.7
13057,36.5
13059,35.8
13063,41.2
13077,41.1
13085,54.2
13097,45.9
13105,59
13111,42.5
13113,29.7
13115,50.1
13117,32.7
13119,53.8
13123,33.5
13133,40.1
13137,50.2
13139,40.8
13143,57.5
13145,34.7
13147,38.4
13149,65.5
13151,40.6
13157,57.3
13159,56
13171,43.4
13187,53.8
13195,56.1
13199,43.3
13207,40.1
13211,43.3
13217,52.1
13219,23.1
13221,47.1
13223,44.7
13227,51.6
13231,59.1
13241,50.5
13245,53.2
13247,35.9
13255,49.9
13257,58
13263,44.2
13281,52.8
13285,50.6
13291,43.6
13293,54.9
13295,61.4
13297,50.6
13311,50.2
13313,50.7
16001,32.8
16005,28.8
16007,21
16011,25
16019,22.7
16027,34.6
16029,22.96
16031,29.6
16041,14.01
16051,24.4
16053,26.8
16063,33.27
16065,13.39
16067,30.5
16071,16.96
16073,25.7
16075,40.6
16077,32
16081,20.89
16083,31.6
17005,37
17021,56.1
17023,50
17025,49.2
17027,40.3
17031,39.1
17033,62.8
17035,54.7
17043,33.3
17047,47.4
17049,38.1
17051,45.4
17055,73.5
17059,80.1
17065,59.9
17069,81.6
17077,50.3
17079,49.5
17081,45
17087,59.9
17091,57.1
17097,36.8
17101,59.5
17111,41.1
17117,53.3
17119,55.2
17121,59.2
17133,36.9
17135,63.2
17145,44.2
17151,50.5
17157,48
17159,62
17163,53
17165,66.4
17173,45.2
17181,63.7
17185,43.9
17189,40.5
17191,48
17193,68.2
17197,44.8
17199,57.7
18013,40.5
18021,68.5
18025,70.9
18027,48
18029,57.6
18037,32
18043,53.2
18047,45
18051,48.1
18055,64.4
18071,68.2
18073,49
18077,73.2
18083,54.2
18089,47.7
18091,51.9
18101,57.6
18109,59.8
18111,68.4
18115,62.7
18119,67.9
18121,54.3
18123,50.4
18125,56.9
18127,45.6
18129,53.3
18131,55
18137,53.7
18147,48.8
18149,77.4
18153,68.2
18155,47.7
18163,51.1
18167,60.7
18173,44
20001,51.3
20003,61.8
20007,56.1
20011,47.7
20015,53.1
20017,55.56
20019,51.8
20021,60.6
20025,40.76
20031,58.6
20033,52.88
20035,46
20037,63.7
20043,69.2
20047,45.77
20049,58.15
20059,61.6
20073,66.2
20077,46.8
20079,32.7
20087,43.5
20099,51.6
20107,42.2
20111,45.4
20121,47.1
20125,48.2
20127,32.9
20129,38.36
20133,63.6
20139,54.3
20155,45.9
20173,41.3
20175,23.3
20177,47.5
20185,40.18
20189,38.07
20191,42.9
20197,46.2
20205,67.6
20207,54.29
21005,61.8
21011,86.6
21013,74.1
21015,51.5
21019,61.8
21023,79.8
21025,97.3
21027,71.5
21031,58.9
21033,67.1
21037,53.9
21041,97
21043,64.2
21047,52.5
21051,88.5
21053,81.3
21055,79.4
21059,60.8
21061,70.1
21063,62.6
21065,79.3
21069,61.7
21071,83.8
21077,109.5
21079,71.9
21081,73.7
21085,76
21089,71.4
21091,66
21093,63.3
21095,96.9
21101,55.1
21103,56
21107,62.6
21109,73.6
21115,80.4
21117,55.1
21119,89.8
21121,100.8
21123,62.2
21125,78.6
21127,80.3
21129,76
21131,108.6
21133,80.9
21135,88.1
21139,60.6
21141,61.5
21143,66
21147,98.6
21149,71.1
21151,63.1
21153,70.8
21159,86.6
21161,85.7
21163,64.9
21165,92.3
21173,74.9
21175,74.1
21177,68.6
21181,84.1
21183,76.3
21185,44.2
21187,54.9
21189,105.8
21193,101
21195,79.3
21197,105.8
21203,79.4
21205,72.7
21211,60.9
21213,66
21215,41.8
21219,62.8
21221,58.8
21223,92.5
21225,75.3
21229,62.8
21231,68.3
21233,61.4
21235,102.4
21237,79.6
23013,46.4
23023,46.7
23027,43.7
23029,62.6
24001,46.9
24003,42.7
24015,61
24017,37.9
24023,28.8
24033,33.5
24037,51.7
24510,57.2
25001,34.9
25003,42.8
25005,43.5
25007,29.8
25011,43
25013,41.9
25015,36.1
25019,33.8
25021,37.7
25023,40.6
26001,51.8
26003,43.9
26007,50.2
26009,36.5
26013,50.1
26015,43.5
26029,44
26037,33.5
26043,44.8
26045,39.7
26047,46.7
26049,51.1
26053,47.4
26061,42.4
26065,38.9
26067,53.1
26071,37.7
26081,38.6
26083,38.99
26087,50.6
26089,33.1
26093,36.3
26103,50.3
26109,39.3
26115,52.2
26117,50.7
26119,55.7
26125,36.2
26137,52
26141,45.2
26151,46
26155,54.9
27001,51.4
27003,46.6
27007,42.1
27009,38.4
27017,38.7
27021,48.9
27025,40.3
27029,56.9
27031,46.4
27035,41
27059,42.6
27061,45.3
27071,42.1
27075,34.5
27077,45.2
27095,44.2
27097,42.1
27115,46.6
27137,44.2
28003,55
28017,54.1
28025,56.2
28081,68.1
28087,54
28103,54.8
28115,53.1
28145,58
29001,54.1
29007,70.1
29009,51
29011,50.1
29013,52.5
29015,73.1
29017,58.1
29019,38.3
29025,63.5
29027,50
29029,48
29031,48.1
29033,54.4
29035,64.1
29039,60.9
29041,67.8
29043,44.7
29045,52.3
29051,39
29053,44.9
29055,67.8
29057,52.9
29059,55
29061,52.5
29063,59
29065,59.6
29067,42.7
29071,49.8
29073,42.1
29075,35.1
29077,44.3
29079,37.6
29081,55.6
29083,67.1
29085,55.1
29089,35.2
29091,62.7
29097,59.1
29099,60.5
29101,47.2
29103,53.48
29105,62.6
29107,56.1
29109,51.8
29111,53.4
29113,54.7
29115,49.7
29117,49.4
29119,73.9
29121,56.1
29123,82.8
29125,44.9
29127,52.1
29129,75.1
29131,63.6
29135,50.4
29137,49.6
29139,63.7
29141,65.4
29145,52
29149,51
29151,31.6
29153,62.7
29157,46.2
29159,54.2
29161,50
29163,52.9
29167,46.3
29169,58.1
29171,53
29173,68.4
29175,58.8
29177,59.8
29179,53.1
29181,71.4
29183,45.8
29185,51.8
29186,50.8
29187,79.3
29189,41.9
29195,49.5
29197,58.4
29199,52.83
29203,49.5
29205,41.9
29209,43.6
29211,39.2
29213,46.6
29215,49.7
29217,58.7
29219,54.8
29221,77.8
29223,69.2
29225,48.1
29227,44.79
29229,48.7
29510,57.4
30037,38.3
30065,61.4
30069,42
30097,32.4
30103,45.08
30107,34.87
31003,31.3
31007,30.17
31013,26.6
31019,31.2
31029,41.84
31033,31.3
31041,30.9
31045,32.9
31047,41
31049,37.7
31057,36.95
31079,40.4
31093,39.17
31101,31.9
31103,34.07
31105,49.8
31121,49.2
31123,46.3
31135,38
31157,33.1
31161,53.1
31163,38.83
31165,29.07
31175,48.8
32001,60.3
32007,37.1
32009,50.36
32013,42.1
32023,60.1
32029,28.87
32031,37.4
33001,43.9
33005,36.5
33007,44.6
33009,38
33011,42
33013,41.8
33015,43.6
33017,51.8
33019,45.4
34003,29.9
34005,39.3
34007,43.5
34011,46.5
34013,32.5
34015,49.6
34017,30
34023,31.7
34031,29.6
34033,55.6
34039,29.8
35003,23.01
35005,40.4
35006,27.8
35009,38.3
35011,33.68
35013,30.4
35015,38.5
35017,27.2
35019,28.32
35021,22.75
35023,28.75
35025,42.8
35027,28.6
35028,16.5
35029,47.2
35031,12.3
35035,38
35037,40.8
35041,33.1
35043,25.3
35045,26.4
35051,49.1
35053,26
35057,29.6
35059,36.18
35061,36
36019,48.1
36045,56.5
36049,40.7
36055,39.9
36057,44.9
36063,52.2
36065,46.4
36073,52.5
36075,55.8
36089,49.3
36091,47
36093,42
36117,50.9
37001,46.4
37003,45.3
37009,46.9
37011,34.2
37023,50.5
37027,58.8
37033,61.7
37035,47.2
37043,34.7
37045,53.7
37067,47.5
37069,51.9
37071,58.4
37075,60.1
37087,44.8
37097,46.5
37099,39.1
37109,49.6
37111,53.8
37113,45.3
37115,52.8
37149,33.7
37161,48.3
37169,53.8
37171,58.1
37173,46.5
37181,55.9
37183,32.9
37185,49.1
37193,54.1
37197,57.1
37199,49.7
39007,58.9
39009,52.9
39015,74.5
39025,53.4
39035,45.2
39039,50
39043,46
39051,41.9
39053,64.8
39055,30.2
39069,44.8
39071,54.1
39073,55.4
39079,68.2
39085,47.3
39087,62.1
39093,50.4
39095,50.6
39099,46.6
39103,37.9
39105,61.4
39111,45.6
39115,44.8
39121,36.4
39123,44.6
39125,52.9
39133,46.6
39137,34.8
39143,50.2
39145,61.6
39155,50.7
39163,70.2
39167,56.2
39171,47.1
39173,42.6
40001,56.1
40007,37.42
40021,53
40025,43.85
40041,49.6
40045,45.22
40097,66.4
40135,66.9
40139,32.2
41001,50.5
41007,46.8
41009,48.2
41013,37.3
41021,32.32
41023,25.9
41025,33.7
41027,36
41031,44.4
41035,41.3
41037,36.1
41045,38.5
41049,31.9
41051,38.3
41055,40.4
41059,42.4
41061,35.3
41065,43.3
41067,28.9
41069,35.92
41071,41.3
42021,39.5
42039,45.9
42047,37.6
42049,47.9
42051,52.1
42053,53.2
42059,47.6
42065,40.5
42073,47.1
42083,48.9
42085,39
42103,43.1
42105,50.5
42111,34.8
42123,48.6
42125,49.4
42127,44.8
44005,37.4
44007,47.2
45001,50.7
45007,47
45021,53.9
45059,53.6
45073,46.2
45077,47.3
45083,48.5
45091,45.8
46007,42.47
46019,49.5
46033,28.4
46041,56.6
46047,34.2
46053,40.8
46055,44.75
46063,33.4
46071,48.27
46075,46.6
46081,31.4
46093,47.6
46095,51.81
46103,42.4
46121,57.92
46123,39.92
46137,35.83
47005,79.6
47015,45.5
47019,52.2
47021,74.9
47023,57.3
47027,52.1
47029,71.8
47031,52.6
47039,72.5
47041,66.9
47043,63.4
47049,84.1
47065,45.1
47071,64
47077,65.3
47083,71.2
47091,63.9
47109,68.8
47115,59.7
47125,55.9
47133,77.9
47137,77.3
47139,67.2
47141,62.3
47147,57.5
47155,57
47161,52
47165,50
47171,52.9
47175,51.75
47177,59.7
47185,63.1
48011,42.46
48017,28.94
48043,31.1
48065,40.3
48069,40.7
48107,49.1
48109,28.5
48111,44.6
48117,31.1
48129,87.8
48153,37.92
48169,42.34
48179,45.7
48189,35.1
48195,38.61
48205,27.63
48211,45.22
48219,37.5
48229,20.93
48233,52.2
48243,22.05
48279,25.8
48295,43.88
48299,37.9
48303,35
48305,37.17
48319,37.3
48341,40.9
48357,39.5
48359,39.38
48369,22.28
48375,44.3
48377,13.96
48381,30.9
48389,29
48393,43.4
48421,35.16
48437,46.9
48443,31.35
49001,37.38
49003,13.5
49005,12.7
49009,22.22
49011,16
49015,27.78
49017,21.67
49021,20.5
49023,22.48
49025,29.1
49027,21.3
49029,15.6
49033,15.22
49035,20.5
49037,21.29
49043,10.1
49045,20
49049,13.9
49051,20.9
49053,17.4
49055,22.02
49057,19.3
50001,30
50003,49.6
50005,43
50009,43.2
50011,61.5
50015,42.4
50017,46.5
50019,42.6
50021,48.4
50023,40.2
50025,36.7
50027,44.5
51003,32.9
51009,45.1
51013,22.6
51019,43.07
51027,54.2
51035,47.4
51037,44.9
51047,42.5
51051,67
51061,37.6
51063,36.3
51067,40.9
51077,43.8
51079,40.2
51083,47.8
51107,22.5
51111,47.9
51113,45.3
51117,52.5
51125,60.5
51147,56.3
51153,33
51157,43.6
51195,72.8
51540,42.5
51640,120.3
51680,53.1
51683,44.5
51685,37.31
51720,57.07
53001,29
53003,41.5
53005,36.4
53013,35.4
53017,30.1
53021,28.9
53023,35.2
53037,33
53039,41.5
53041,48.3
53043,30.6
53045,53.4
53071,31.7
53075,23.5
53077,42.2
54001,46.6
54007,43.9
54011,54.9
54013,31
54015,73.4
54017,58
54019,71.3
54021,45.1
54033,55.8
54035,60.9
54041,76.8
54043,75.8
54049,58.9
54053,51.4
54067,53
54073,64
54079,48.6
54081,56.6
54083,56.2
54085,50.3
54087,57
54091,57.3
54093,35.6
54095,57.9
54097,49.3
54099,53.4
54101,70.1
54105,61.9
54107,53.7
55001,61.3
55003,60.7
55005,41
55007,36.5
55009,36.9
55013,57.7
55015,24.9
55017,44
55019,36.2
55021,42.5
55031,52.9
55033,35
55035,41.5
55037,52.4
55041,38.8
55051,63
55053,42
55057,48.8
55059,49.3
55061,31
55063,38.1
55069,48
55071,39.1
55075,47.8
55077,48.6
55079,45
55081,48.5
55083,45.9
55085,51.9
55087,32.8
55089,31.8
55095,41.1
55099,43.8
55101,45.6
55107,52.9
55111,37.8
55113,48.2
55117,38.7
55119,39.8
55121,38.9
55125,35.2
55129,47.1
55137,46.9
55139,40.5
56031,32.7
56045,33.7
1015,57.3
1027,51.1
1029,51.2
1033,52
1037,46.3
1059,50.7
1071,61.2
1077,49.2
1079,62.8
1083,47
1089,42.5
1103,48.2
1121,59.7
6083,24.8
6111,26.5
8001,34.4
8005,27.2
8009,41.38
8011,40.9
8013,21.1
8014,21.5
8015,27
8017,30.84
8019,23.69
8025,27.78
8027,22.64
8029,30.6
8031,29.4
8033,27.23
8035,22
8039,24.4
8041,28.9
8043,37.4
8045,24.3
8047,24.76
8049,22.56
8051,21.25
8055,30.7
8057,26.42
8059,27.5
8061,40.43
8063,29.7
8065,26.48
8067,17.2
8069,25.7
8071,34.9
8073,29.06
8075,34.4
8077,36.9
8081,29.6
8083,33.3
8085,36.4
8087,33.7
8089,21.2
8091,21.77
8093,21.3
8095,36.55
8097,12.98
8099,54.3
8101,34.1
8103,34.47
8113,20.29
8115,42.64
8117,12.62
8119,26
8121,29.71
8123,30.5
8125,26.3
9001,29
9007,36.6
9009,38
9011,39.2
13067,35.6
13089,30.1
13121,33.3
13135,31.7
16009,52.8
16013,20.1
16015,31.9
16017,42
16021,27.2
16023,25.98
16025,27.16
16033,28.31
16035,36.9
16037,38.8
16039,42.7
16043,25.9
16047,37.4
16049,33.3
16055,40.7
16057,38.4
16059,34
16079,67.1
16085,26.3
17001,41.2
17007,45.2
17009,62.3
17011,49.1
17013,43.7
17015,44.3
17017,67.2
17019,36.8
17029,50.7
17037,43.5
17039,58.9
17041,47.8
17045,56.8
17053,55
17057,45.4
17061,55.9
17063,51.5
17067,44.7
17071,54.6
17073,50.7
17075,53.1
17083,46.5
17085,43.7
17089,34.7
17093,41.8
17095,55.6
17099,56.7
17103,44.1
17105,55.2
17107,70.4
17109,53.1
17113,39.9
17115,56
17123,54.3
17125,64.5
17129,60.7
17131,57.7
17137,54.8
17139,45.2
17141,46.8
17143,50.7
17147,45.8
17149,51.3
17155,44.7
17161,45.6
17167,49.1
17169,72.5
17171,54.2
17175,40.9
17177,38.3
17179,54.8
17183,63
17187,45.3
17195,44
17201,49.3
17203,40.1
18001,43.2
18003,43.8
18005,47.1
18007,49.9
18009,70.1
18011,50.2
18015,47.7
18017,54.3
18019,63.7
18023,51.7
18031,48.5
18033,50.8
18035,53.6
18039,42.2
18041,57.5
18045,49.3
18049,59.5
18053,59.6
18057,30.5
18059,52.9
18061,62.1
18063,46.2
18065,55.8
18067,52
18069,43.6
18075,62.2
18079,69.3
18081,48.2
18085,47.6
18087,38.5
18093,61.1
18095,60.5
18097,55.5
18099,46.9
18103,48.6
18105,40.6
18107,49.7
18113,52
18117,55.9
18133,65
18135,51
18139,62.6
18141,47.2
18143,75.4
18145,62.5
18151,49.5
18157,43.9
18159,49
18161,34.6
18165,54.1
18169,43.2
18171,42.8
18175,66.6
18177,57.5
18179,45.3
18181,48.6
18183,48.1
19001,58.6
19003,48.1
19005,38.7
19007,53.8
19009,38.87
19011,48.6
19013,44.2
19015,46.4
19017,34.1
19019,48.8
19021,37.3
19023,50
19025,37.7
19027,43.6
19029,40
19031,45.1
19033,41.2
19035,51.6
19037,38.1
19039,58.4
19041,40.1
19043,35.3
19045,44.1
19047,44.1
19049,36
19051,40.27
19053,43.1
19055,29.2
19057,56.6
19059,46
19061,40.5
19063,47.8
19065,45.6
19067,45
19069,35.8
19071,45.1
19073,42.7
19075,31
19077,54.3
19079,42
19081,30
19083,48.4
19085,51.6
19087,47.8
19089,48.3
19091,60.6
19093,38.7
19095,31.7
19097,40.7
19099,39.8
19101,34.9
19103,32.4
19105,38.9
19107,50.5
19109,34.3
19111,57.5
19113,42.4
19115,57.4
19117,43.9
19119,33
19121,37.7
19123,53.5
19125,45.1
19127,48.6
19129,36.5
19131,32.5
19133,57.4
19135,60.2
19137,50.4
19139,38.4
19141,40.7
19143,37.3
19145,53.6
19147,45
19149,43.1
19151,31.8
19153,47.6
19155,49.4
19157,51.3
19159,55.9
19161,46.4
19163,46.3
19165,46.6
19167,18.9
19169,32.8
19171,46.2
19173,36.3
19175,56.1
19177,64.2
19179,57.1
19181,39.4
19183,36.7
19185,35.5
19187,38.6
19189,33.1
19191,27.1
19193,48.8
19195,31.2
19197,38.3
20005,45.2
20009,47.6
20013,54.4
20023,31.97
20027,43
20029,55
20039,51.9
20041,51.2
20045,39.2
20051,31
20053,58.1
20055,35
20057,37.5
20061,61.2
20063,31.46
20065,38.27
20067,44.62
20069,36.79
20071,38.35
20075,45.63
20081,35.91
20083,37.77
20085,34.7
20089,63.8
20091,33.2
20093,47.29
20095,40.28
20097,38.95
20101,45.03
20103,52.5
20105,38.01
20109,38.82
20113,31.2
20115,28.9
20117,37.6
20119,37.65
20123,35
20131,36.4
20135,37.08
20137,38.43
20141,54.8
20143,35.6
20145,33.5
20147,48.4
20149,48.3
20151,44.5
20153,37.33
20157,41
20159,25.9
20161,42.9
20163,36.3
20165,45.23
20167,35.7
20169,52.1
20171,36.48
20179,34.22
20181,50.2
20183,36.88
20187,37.4
20193,39.46
20195,39.9
20199,35.17
20201,36.4
20203,36.86
20209,52.9
21001,48.6
21003,64.5
21009,75.6
21017,67.5
21021,41.7
21029,58.7
21045,74.4
21049,69.9
21057,77.4
21067,47.1
21073,62.4
21087,64.3
21097,78.7
21099,79.1
21111,55
21113,64
21137,83.5
21155,71.7
21167,63.7
21169,66.2
21171,75.5
21179,67
21191,69.2
21199,68.4
21201,72.05
21207,76
21209,47.6
21217,74.1
21227,55.6
21239,54.1
23001,54.9
23003,51.2
23005,41.7
23007,46.2
23009,46.8
23011,49.1
23015,38.8
23017,60.5
23019,53.8
23021,51.5
23025,60.5
23031,47.7
24005,41.8
24009,41.2
24013,39.6
24021,34
24025,45
24027,25.1
24031,22.2
24043,46.9
25009,37.1
25017,35.3
25027,43.6
26023,54.1
26025,50.9
26027,54.6
26059,56.6
26075,58
26077,38.9
26091,48.4
26149,52.1
26161,33.7
27005,41.9
27011,44.2
27013,38.2
27015,33.3
27019,32.5
27023,36.3
27027,43.7
27033,33.2
27037,35.4
27039,46.7
27041,38.9
27043,38.1
27045,34.6
27047,42.3
27049,35.8
27051,32.6
27053,32.7
27055,37.6
27057,42.9
27063,39.4
27065,42.5
27067,39.6
27069,40.07
27073,38.44
27079,30.6
27081,44.5
27083,43.2
27085,35.7
27087,60.4
27089,35.8
27091,40.8
27093,34.2
27099,41.9
27101,33.3
27103,33.5
27105,32.7
27107,48.6
27109,25.7
27111,34.4
27113,35.2
27117,29.5
27119,39.3
27121,26.9
27123,36.6
27125,47.31
27127,32.9
27129,29
27131,34.3
27133,43.6
27135,37.5
27139,37.7
27141,42.4
27143,32.7
27145,33.6
27147,30.3
27149,34.23
27151,38.1
27153,32.3
27155,35.9
27157,41.2
27159,42
27161,31.2
27163,35.5
27165,39
27167,52.6
27169,36.2
27171,40.7
27173,42.4
29003,46.6
29005,32.5
29021,65
29037,53.4
29047,47.3
29049,64
29087,47
29093,57
29095,47.8
29147,44.2
29165,39.1
30001,39.4
30003,43.64
30005,40.78
30007,35.8
30009,21.8
30011,35.27
30013,41.8
30015,51
30017,50.2
30019,44.08
30021,54.9
30023,49.3
30025,46.15
30027,29.9
30029,36.6
30031,23.2
30033,37.67
30035,51.7
30039,33.98
30041,34.4
30043,36.2
30045,33.93
30047,31.2
30049,41.9
30051,30.21
30053,54.3
30055,35.27
30057,26.2
30059,43.2
30061,47.79
30063,37.1
30067,28.5
30071,41.07
30073,43.5
30075,36.08
30077,45.3
30079,43.09
30081,35.7
30083,32.4
30085,59.7
30087,28.3
30089,38.5
30091,45.3
30093,43.8
30095,25.4
30099,35.3
30101,41.87
30105,27.7
30109,41.25
30111,39.4
31001,46.3
31011,36.62
31015,39.76
31021,61.4
31023,38.9
31025,45.6
31027,30
31035,44.27
31037,34.4
31039,30.5
31043,42.5
31051,38.29
31053,52.4
31055,43.4
31059,51.3
31061,42.13
31063,38.87
31065,51.5
31067,45.2
31073,36.64
31077,36.11
31081,42.9
31083,42.02
31085,36.48
31087,45.35
31095,43
31097,40.37
31099,36.62
31107,33.8
31109,37.3
31119,45.9
31125,58.4
31127,56.8
31129,45.36
31131,49.4
31133,37.51
31137,31.3
31139,32.1
31141,39.5
31143,51.8
31145,50.8
31147,40.7
31151,52.7
31153,45.6
31155,34.9
31159,31.8
31167,36.37
31169,31.8
31173,52.98
31177,33.7
31179,26.7
31181,45.85
31185,33.6
32005,30
32011,40.09
32015,54.9
32017,38.11
32019,51.4
32021,47.1
32027,36.05
32033,28.7
32510,45.4
33003,39.6
34019,30.3
34021,34
34025,35.8
34027,30.7
34035,28.8
34037,40.6
34041,41.1
35001,27.5
35007,30.3
35033,20.87
35039,19.3
35047,25.4
35049,18.9
35055,20.8
36001,44
36003,50.6
36007,39.1
36009,47.6
36011,48.7
36013,49.4
36015,46.9
36017,46.6
36021,38.2
36023,46.3
36025,44.9
36027,36
36029,47
36037,54.4
36039,48.3
36051,47.8
36053,48.1
36067,44.2
36069,43.7
36071,41.3
36077,37.8
36079,36.7
36083,48
36095,42.8
36097,55.7
36099,47.1
36101,51.9
36105,50.4
36107,44.4
36109,36.3
36111,42.9
36115,49.3
36121,48.2
36123,44.1
37005,44.3
37021,43.5
37039,48.2
37089,40.6
37121,55.4
37157,53.8
37175,36.3
37189,31
38001,41.43
38003,32
38005,45.4
38007,19.53
38009,43.5
38011,40.33
38013,43.98
38015,31.7
38017,36.7
38019,37.4
38021,36.49
38023,31.83
38025,30.29
38027,45.96
38029,38.96
38031,37.33
38033,30.22
38035,38.1
38037,41.27
38039,40.22
38041,38.61
38043,30.47
38045,31.91
38047,27.91
38049,34.9
38051,31.75
38053,36.56
38055,33.9
38057,51.2
38059,43
38061,44.24
38063,46.99
38065,31.06
38067,42.8
38069,38.08
38071,35.6
38073,48.3
38075,36.38
38077,45.4
38079,43.4
38081,42.49
38083,22.01
38085,56.09
38087,24.84
38089,29
38091,32.98
38093,42.2
38095,40.39
38097,59.4
38099,39
38101,35.2
38103,35
38105,54.2
39001,69.2
39003,54.4
39005,46.8
39011,41
39013,51.1
39017,50.1
39019,49.8
39021,50.9
39023,55.4
39027,57.3
39029,50.2
39031,44.8
39033,57.5
39037,51.4
39041,33.2
39045,46.2
39047,63.1
39049,46.9
39057,40.2
39059,66.2
39061,49
39063,44
39065,56.9
39067,50.5
39075,34
39077,49
39081,56
39083,46.9
39089,53.4
39091,62.9
39097,51
39101,57.7
39107,40.8
39109,48.5
39113,49.5
39117,61
39119,59.9
39127,68.6
39129,64
39131,58.8
39135,52.3
39139,52.3
39141,60.5
39147,47.1
39149,49.1
39151,47.7
39153,44.3
39157,50.2
39159,43.3
39161,41.3
39165,44.1
39169,39.2
39175,49.1
42001,39
42003,43.7
42005,36.3
42007,48
42009,41.9
42011,41.5
42013,44
42015,44.6
42017,38.8
42019,42.8
42023,34.8
42025,49
42027,29.1
42029,34
42031,44.6
42033,45.1
42035,44
42037,37.6
42041,35.7
42043,40.5
42045,43.8
42055,44.3
42057,44.9
42061,39.3
42063,38.4
42067,41.3
42069,47.1
42071,34.1
42075,45.5
42077,37.6
42079,44.5
42081,48.7
42087,49.1
42089,48.6
42091,34.6
42093,45.2
42095,39.5
42097,51
42099,50
42107,51.5
42109,25.5
42113,57.7
42115,35.1
42117,47.1
42119,27.2
42121,46.7
42129,41.4
42131,46.2
42133,42.3
44003,49.3
44009,42.8
45045,39.8
46003,37.62
46005,42.7
46009,36.74
46011,29.9
46013,47.7
46015,42.36
46017,60.66
46021,22.69
46023,47.7
46025,37.79
46027,44.9
46029,45
46031,44.33
46035,46.6
46037,33.4
46039,36.49
46043,36.04
46045,33.22
46049,38
46051,42.6
46057,55.1
46059,31.57
46061,39.02
46065,38.4
46067,28.7
46069,40.69
46073,40.28
46077,46.8
46079,39.5
46083,30.2
46085,45.33
46087,52
46089,28.28
46091,37.67
46097,43.96
46099,45
46101,36.76
46105,38.35
46107,39.8
46109,40.6
46111,37.92
46115,36.9
46117,47.04
46119,37.16
46125,41.8
46127,50.1
46129,39.9
46135,39.6
47001,47.4
47003,50.5
47009,50.6
47011,53.3
47025,81.5
47037,48.2
47055,53.9
47057,71.8
47059,65.4
47063,64.9
47067,73.4
47073,70.5
47081,62.8
47085,59.9
47087,66.7
47089,56.6
47093,47.3
47099,61.7
47101,68.1
47103,47.3
47105,49.2
47107,59.1
47111,64
47113,50.9
47117,58.1
47121,67.5
47123,72.8
47127,40.4
47135,93.8
47145,60.9
47149,49.2
47159,52
47163,52.9
47169,73
47173,79.2
47179,53.1
47181,75.7
47187,27.4
47189,47.5
49007,37
49013,32.9
49019,39.2
49031,26.09
49039,25.3
49041,21.2
49047,20.3
51005,45.1
51007,53.3
51011,49.8
51015,38.2
51017,56.3
51021,45.5
51023,34.1
51025,48
51029,49.4
51031,44.2
51041,41.5
51043,39.2
51045,44.11
51049,35.4
51053,54
51059,22.3
51065,35.8
51069,43.7
51071,50.9
51075,44.2
51089,45.9
51091,37.81
51105,67.6
51109,51.7
51121,35
51135,38.8
51137,46.1
51139,45.4
51141,53.3
51143,47.4
51145,42.4
51155,49.4
51161,34.7
51163,33
51165,34.9
51167,51.3
51169,63.2
51171,45.8
51173,63.8
51177,44.7
51179,42.5
51185,60.1
51187,50.3
51191,47.4
51197,40.8
51520,71.7
51530,38.3
51580,58.6
51590,51.4
51600,30.5
51610,27.5
51620,51.4
51630,54.2
51660,34.1
51678,45.2
51690,76.6
51750,43.2
51770,55.5
51775,54.7
51790,50.2
51820,56.7
51840,45.1
53011,40.1
53019,41.3
53025,41.9
53031,29.3
53047,51.2
53051,62
53059,35.9
53063,42.6
53065,33.2
54003,56.2
54009,55
54023,42.7
54025,51.6
54027,61.2
54029,51
54031,42.3
54037,49.5
54051,57.3
54055,55.8
54057,56.3
54061,36.2
54063,51.6
54065,64.8
54069,51
54071,40.3
54075,41.8
54077,40.2
54089,42.2
54103,61.2
55011,38.2
55023,44
55025,32.1
55027,38.5
55029,36.5
55039,43.1
55043,35.8
55045,37.8
55047,51.2
55049,35.9
55055,35.9
55065,36.2
55067,46.8
55073,34.9
55078,67.84
55091,34.9
55093,29.6
55097,33.1
55103,31
55105,49
55109,41.9
55115,35.7
55123,33.5
55127,39.6
55131,34.8
55133,36.3
55135,39.1
55141,37.6
56001,19.5
56003,37
56005,49.8
56007,49.7
56009,24.3
56011,34.9
56013,30.5
56015,44
56017,34.2
56019,29.1
56021,32.7
56023,24.6
56025,38.5
56027,37.89
56029,22.1
56033,36.5
56035,27.06
56037,38.7
56039,21.51
56041,30.3
56043,34.61
