FIPS,Smoking
1003,20.8
1013,26
1013,26
1017,25.1
1023,21.8
1025,22.6
1031,21.2
1035,24.9
1039,25.9
1041,22.9
1045,22.2
1053,25.3
1053,25.3
1061,25.3
1067,21.6
1069,22.3
1091,21
1097,23.8
1099,24
1109,21.9
1123,24.5
1129,22.8
1131,24.8
5001,24.1
5003,25
5011,25
5011,25
5013,26.2
5017,25.9
5019,21.8
5021,26.7
5023,23.4
5025,23.6
5027,22.4
5029,25.2
5031,23.3
5033,24.4
5035,26.2
5037,26.3
5039,25.3
5041,25.7
5043,23.4
5045,21.2
5047,25.6
5053,25.1
5055,25.4
5057,24.5
5059,25.3
5061,25.4
5067,27.6
5069,25.5
5071,25.3
5073,24.1
5075,25.5
5077,28
5079,27
5081,24.7
5083,25.9
5085,23
5087,26.1
5091,27.1
5093,27.5
5095,26.3
5099,26.1
5101,24.1
5103,25.3
5105,25.7
5107,26.9
5109,24.8
5111,28.2
5113,25.8
5115,23
5117,24.4
5119,21.3
5123,27.1
5125,22.7
5127,26.6
5131,24.6
5133,24.8
5139,25
5141,25.6
5143,22
5145,22.4
5147,26.4
5149,25.3
6007,18.3
6011,16.8
6015,21.8
6021,17.7
6023,19.3
6025,15
6031,16.6
6033,20.4
6035,20.1
6041,11.5
6045,18.8
6047,16.6
6049,18.5
6055,13.2
6059,11.5
6067,15.7
6073,13.1
6077,16.6
6089,19.7
6093,19.2
6095,14.7
6097,14.6
6099,16.9
6101,16.5
6103,19.7
6105,19.8
6113,12.4
9003,15
10001,22.6
10005,21.2
11001,17.6
12003,24
12005,24.6
12007,21.3
12009,19.3
12011,22.2
12013,25.1
12015,24.8
12019,22.1
12021,20
12027,22.5
12029,25.6
12031,23.4
12033,24.5
12035,23.8
12037,22.3
12039,22.2
12041,24.9
12043,23
12045,20.9
12047,25.8
12049,22.6
12051,22.2
12053,22.3
12055,23.1
12059,22.3
12061,16.8
12063,24.7
12065,23.6
12067,24.5
12069,19.9
12071,20.7
12075,19.1
12077,22.7
12079,23
12081,20.4
12085,16.6
12087,18.4
12089,22.5
12091,22.2
12093,22.9
12095,22.2
12097,18.9
12099,19.6
12101,22.2
12103,21.2
12107,24.5
12109,21.5
12111,23.9
12113,25
12115,20.5
12117,21.6
12119,19.3
12121,26
12123,24.1
12127,23.8
12129,23
12131,22.4
12133,23.8
13001,22.3
13003,23.7
13005,23
13007,23.9
13009,22
13017,21.3
13019,22.6
13021,23.7
13023,23.4
13025,23.6
13027,21.5
13029,21.4
13031,22.8
13033,22.2
13037,23.8
13039,18.8
13043,26.1
13049,23.6
13051,19.9
13053,23.5
13055,18.3
13061,21.8
13065,22
13069,24.6
13071,23.4
13073,19.6
13075,23.1
13079,22.2
13081,24.9
13083,20.9
13087,23.3
13091,21.9
13093,24.6
13095,24.4
13099,23.9
13101,18.1
13103,21.4
13107,23.8
13109,17.9
13125,20.9
13127,19.1
13129,23.8
13131,25.3
13141,22.3
13153,22.5
13155,24.6
13161,24
13163,22.3
13165,23.6
13167,20.8
13169,22
13173,22.9
13175,21.4
13177,22.4
13179,23.9
13181,23.7
13183,23.2
13185,24.9
13189,23.1
13191,23.2
13193,23.5
13197,20.8
13201,21.8
13205,22.1
13209,21.7
13213,22.5
13215,22.4
13225,21
13229,21.1
13233,22.4
13235,18.9
13237,22.3
13239,23.3
13243,23.4
13249,21.9
13251,22.9
13253,22.3
13259,25.9
13261,24.7
13265,23.9
13267,22.8
13269,22.3
13271,25.7
13273,23.7
13275,23.6
13277,23.5
13279,21.4
13283,23.5
13287,23.6
13289,25.4
13299,21.8
13301,23
13303,24.7
13305,23.6
13307,22.4
13309,26.2
13315,20.5
13317,18.9
13319,23.4
13321,19.3
16003,19.4
16045,16.8
16061,20.7
16069,15.3
16087,20.6
17003,22.8
17127,21.4
17153,21.4
21007,26.5
21035,25.7
21039,28.5
21075,28.3
21083,28
21105,24.5
21145,25.3
21157,26.3
22001,24.6
22003,24.2
22005,23
22007,23.8
22009,26.4
22011,24.6
22013,26.3
22015,25.1
22017,26
22019,25
22021,21.1
22023,24.7
22025,24.8
22027,27.4
22029,26.6
22031,26.1
22033,22.5
22035,29.8
22037,24.1
22039,24.3
22041,27.2
22043,24.5
22045,23.7
22047,21
22049,24.6
22051,24.8
22053,25.7
22055,22.9
22057,21.8
22059,24.3
22061,24
22063,24.3
22065,27.6
22067,26.2
22069,25.8
22071,25.1
22073,26.7
22075,22.4
22077,22.5
22079,23.7
22081,23.9
22083,26.2
22085,25.1
22087,25.8
22089,21.2
22091,24.9
22093,24.2
22095,24.5
22097,25.3
22099,25.4
22101,24.3
22103,25
22105,25.5
22107,26.3
22109,25.9
22111,23.9
22113,25.6
22115,22.8
22117,25.2
22119,20.6
22121,21.6
22123,22.6
22125,21.9
22127,22.6
24011,19.6
24019,18.4
24029,18.7
24035,20.8
24039,21.6
24041,18.8
24045,17.5
24047,18
25025,21.4
26005,19.8
26011,23.1
26017,23
26019,20.8
26021,23.6
26031,20.4
26033,22.5
26035,24.2
26039,21.9
26041,20.3
26051,20.4
26055,22.4
26057,23
26063,19
26069,20
26073,23.3
26079,19.5
26085,23.5
26095,23.5
26097,19.8
26099,22.4
26101,22.3
26105,23.9
26107,24.3
26111,17.6
26113,21.8
26121,24.9
26123,22.9
26127,22.5
26129,24.1
26131,21.6
26133,24.7
26135,23
26139,21.3
26143,23
26145,22.5
26147,17.9
26153,22.4
26157,20.6
26159,22.1
26163,22.3
26165,21.2
28001,24.3
28005,23.2
28007,22
28009,23.1
28011,24
28013,24
28015,22.9
28019,22.4
28021,24.2
28023,22.3
28027,26.3
28029,24.5
28031,24.3
28033,23.5
28035,22.3
28037,23.3
28039,23.1
28041,25.7
28043,24.8
28045,23.7
28047,23.2
28049,22.2
28051,26.6
28053,25.3
28055,27
28057,20.3
28059,20.1
28061,23.6
28063,26.3
28065,26.2
28067,22.8
28069,25.3
28071,22
28073,21.5
28075,19.1
28077,24.5
28079,26.3
28083,25
28085,25.2
28089,20.9
28091,20.4
28093,24.4
28095,24.6
28097,24
28099,25.6
28101,24.6
28105,24.3
28107,22.8
28109,24.8
28111,22.4
28113,25.4
28117,24.8
28119,26.5
28121,23.4
28123,24.9
28125,26.4
28127,24.5
28129,22.5
28131,24.3
28133,25.2
28135,23.7
28137,23
28139,22.6
28141,22.8
28143,25.5
28147,24.5
28149,24.5
28151,23.2
28153,22.1
28155,21.6
28157,26.4
28159,25.3
28161,24.1
28163,27.4
29023,25.8
29069,28.2
29133,25.6
29143,26.9
29155,26.2
29201,26.9
29207,28.4
31005,17.4
31009,18.4
31017,19.9
31031,17.2
31069,19.4
31071,17.9
31075,19.3
31089,18.6
31091,18.2
31111,21
31113,18.5
31115,18.9
31117,19.1
31149,18.6
31171,18.1
31183,18.7
32003,20.8
34001,20.1
34009,16.2
34029,18.6
36005,19.1
36031,17.1
36033,22.5
36035,20.9
36041,20.1
36043,17
36047,19.8
36059,18.7
36061,17
36081,18.2
36085,20.1
36087,15.6
36103,15.4
36113,21.8
36119,18.1
37007,24
37013,20.4
37015,22.9
37017,24.8
37019,20.4
37025,21.6
37029,21.9
37031,22.7
37037,20.5
37041,23.2
37047,19.6
37049,22.7
37051,21.8
37053,21.2
37055,22.2
37057,22.7
37059,22.7
37061,23.5
37063,20.3
37065,21.5
37073,19.3
37077,21.5
37079,23
37081,20.2
37083,23.2
37085,22.7
37091,23.7
37093,22.6
37095,23.6
37101,22.2
37103,18.1
37105,23
37107,22.6
37117,21.8
37119,15.2
37123,22.6
37125,20.6
37127,21.8
37129,21.2
37131,22.1
37133,21.8
37135,20.5
37137,22.2
37139,25.6
37141,24.1
37143,22.7
37145,23.9
37147,22.7
37151,22.6
37153,26
37155,26.8
37159,21.1
37163,19.4
37165,27.2
37167,17.8
37177,24.7
37179,20.3
37187,20.7
37191,21.5
37195,19.9
40003,24.1
40005,25.3
40009,21.8
40011,21.1
40013,26.5
40015,25.4
40017,22.5
40019,25.3
40023,24
40027,20.8
40029,21.5
40031,24.2
40033,24.2
40035,25
40037,22.9
40039,23.8
40043,21
40047,25.6
40049,23.1
40051,24.8
40053,22
40055,24.7
40057,21.5
40059,23.1
40061,24.7
40063,27.7
40065,24.7
40067,23.3
40069,24.1
40071,23
40073,23.3
40075,26.3
40077,22.9
40079,25.2
40081,25.8
40083,23.9
40085,25.1
40087,22.1
40089,26.5
40091,27.3
40093,20.6
40095,25.3
40099,25.6
40101,27.2
40103,20.9
40105,26
40107,25.2
40109,24.5
40111,26.9
40113,22.5
40115,24.5
40117,25.9
40119,26.1
40121,25.2
40123,21.4
40125,24.8
40127,25.7
40129,22
40131,22.8
40133,25.6
40137,22.4
40141,17.1
40143,18.4
40145,21.9
40147,21.9
40149,24.4
40151,20.8
40153,23.4
41003,20.6
41005,18.6
41011,19.3
41015,20.1
41017,20.4
41019,21.7
41029,21.3
41033,21.8
41039,19.7
41041,20.9
41043,21.3
41047,19
41053,19.2
41057,19.3
41063,19.5
42101,22.3
44001,18.9
45003,19.5
45005,26.6
45009,23.2
45011,22.5
45013,20.1
45015,22
45017,22.8
45019,19.9
45023,23.5
45025,23.3
45027,21.7
45029,21.6
45031,23.8
45033,24
45035,22.8
45037,22.5
45039,21.9
45041,23.1
45043,22.2
45047,21.1
45049,22.1
45051,22.7
45053,25.6
45055,22.5
45057,21.3
45061,22
45063,19
45065,21.3
45067,23.6
45069,24.4
45071,23.5
45075,21.6
45079,19.3
45081,25.3
45085,18.3
45087,21.1
45089,21.3
47007,25.6
47013,28.4
47017,24.8
47033,26.7
47035,23.6
47045,27.8
47047,24
47051,26.6
47053,25.9
47061,25.8
47069,27.2
47075,26.4
47079,28.3
47095,29
47097,25.4
47119,25.7
47129,25.4
47131,25.4
47143,24.9
47151,26
47153,25.2
47157,25.4
47167,23.8
47183,22.7
48001,20.1
48003,18
48005,20.2
48007,18.1
48009,19.2
48013,17.2
48015,17.4
48019,19.5
48021,21.3
48023,17.4
48025,16.1
48027,17.5
48029,18.1
48031,16.3
48033,19
48035,20.3
48037,20.5
48039,18.6
48041,17.8
48045,15.8
48047,22.4
48049,19.4
48051,21.1
48053,18
48055,19.8
48057,19.9
48059,19.9
48061,19.1
48063,19.1
48067,21
48071,18
48073,19.9
48075,17.7
48077,19.2
48079,20.8
48081,19.3
48083,20.7
48085,16.3
48087,19.5
48089,18.4
48091,17.1
48093,17.5
48095,20.3
48097,17.5
48099,21.3
48101,17
48103,19.8
48105,13.5
48113,18.9
48115,17.9
48119,19.3
48121,16.2
48123,18.7
48125,17
48127,19.1
48131,21.9
48133,18.8
48135,19.1
48137,16.7
48139,18.6
48141,14.9
48143,18.9
48145,22.6
48147,19.1
48149,19
48151,17.5
48155,17.4
48157,15.1
48159,17.2
48161,19
48163,22
48165,20.7
48167,20.3
48171,16.1
48173,18.7
48175,18.3
48177,20.5
48181,20
48183,21.5
48185,18.3
48187,20.1
48191,21.1
48193,15.4
48197,22.8
48199,15
48201,19
48203,19.1
48207,20.7
48209,20.3
48213,19.3
48215,19.6
48217,20.9
48221,21.6
48223,19.9
48225,22.6
48227,16.7
48231,17.3
48235,17.5
48237,22.3
48239,19.1
48241,20.7
48245,16.4
48247,18.1
48249,18.1
48251,19.4
48253,17.2
48255,19.4
48257,16.5
48259,17.6
48261,21.2
48263,17.9
48265,19.3
48267,19
48269,19.1
48271,19.3
48273,19.8
48275,22.6
48277,22.3
48281,18.7
48283,21
48285,20.2
48287,18.8
48289,18.8
48291,20.4
48293,20.3
48297,21.1
48301,21.2
48307,16.6
48309,18.4
48311,18.2
48313,19.3
48315,20.6
48317,18.9
48321,21.7
48323,18.5
48325,18.3
48327,19.5
48329,18.5
48331,19.1
48333,19.8
48335,21.9
48337,19.8
48339,17.8
48343,17.9
48345,22.4
48347,23
48349,22.6
48351,19.9
48353,18.5
48355,19.5
48361,17.8
48363,22.4
48365,18.3
48367,18.8
48371,20.6
48373,20.7
48379,19.5
48383,19.9
48385,21
48387,22.4
48391,21.5
48395,20.4
48397,16.3
48399,19.7
48401,18.8
48403,21.3
48405,18.2
48407,19.8
48409,16.9
48411,16.9
48413,20.5
48415,16.6
48417,16.9
48419,19.5
48423,18.8
48425,19
48427,18.7
48429,21
48431,20
48433,19.5
48435,17.9
48439,22.1
48441,23
48445,18.1
48447,16.8
48449,18
48451,22.2
48453,17.7
48455,21.2
48457,18.5
48459,20.4
48461,18.1
48463,16.4
48465,18.8
48467,18.9
48469,20.5
48471,21.7
48473,17.1
48475,15.5
48477,16.7
48479,21.7
48481,20.2
48483,20.7
48485,19.6
48487,21.9
48489,17.2
48491,15.5
48493,17.6
48495,14.3
48497,12.9
48499,17
48501,15.9
48503,12.2
48505,16.5
48507,19.7
50007,14.9
50013,19.4
51001,23.2
51033,22.5
51036,18.9
51057,20.1
51073,16.9
51081,22.2
51085,13.4
51087,20.2
51093,18.9
51095,20.7
51097,20.2
51099,16.9
51101,19.9
51103,19.3
51115,22.2
51119,19.2
51127,22.3
51131,19.5
51133,22
51149,18.8
51159,23.4
51175,23.2
51181,19.1
51183,23.1
51193,14.6
51199,18
51510,15.6
51550,18.6
51570,21.7
51595,27.4
51650,23.4
51670,22
51700,23.4
51710,19.5
51730,23.8
51735,16.9
51740,21.5
51760,20.5
51800,18.5
51810,22
51830,17.5
53007,18.9
53009,17.8
53015,22.2
53027,18.9
53029,17.4
53033,14.9
53035,18.7
53049,24.6
53053,23
53055,20.5
53057,23.7
53061,22.7
53067,22.1
53069,21
53073,22
54005,26.5
54039,26.8
54045,25.9
54047,30.4
54059,27.9
54109,23.9
1001,22.4
1005,24.7
1007,26.1
1009,24.1
1011,25.3
1019,23.1
1021,24.3
1043,24
1047,24.9
1049,23.5
1051,22.7
1055,25.3
1057,23.1
1063,25.6
1065,24.1
1073,20.7
1075,24.1
1081,20.2
1085,24.2
1087,22.6
1093,24.2
1095,25.3
1101,21.2
1105,24.5
1107,23.1
1111,25.3
1113,25.3
1115,23.5
1117,17.6
1119,22.9
1125,21.5
1127,25.9
1133,24.9
4001,24.4
4003,20.2
4005,18.9
4007,23.3
4009,19.9
4011,18.7
4012,22
4013,17.2
4015,25.8
4017,22.4
4019,17.4
4021,19.6
4023,18.1
4025,20.5
4027,16.9
5005,23.9
5007,19.8
5009,23.5
5015,23.2
5049,25.1
5051,25.5
5063,24.3
5065,24.9
5089,24.7
5097,24.2
5121,24.3
5129,25.9
5135,26.7
5137,25.2
6001,12.3
6003,17.3
6005,18.5
6009,16.8
6013,12.6
6017,14.5
6019,15.6
6027,17
6029,17.3
6037,13.1
6039,17
6043,16.3
6051,14.6
6053,14.1
6057,14.9
6061,12.7
6063,17.2
6065,15.5
6069,13.2
6071,16.4
6075,11.6
6079,13
6081,10.6
6085,10.1
6087,12.6
6091,17.8
6107,16.3
6109,18.5
6115,18.3
8003,17.7
8007,18.9
8021,20.2
8023,20.9
8037,21.4
8053,17.3
8079,19.2
8105,14.5
8107,18.2
8109,16.5
8111,20.4
9005,17.6
9013,15.6
9015,22.3
10003,22.8
12001,23
12017,21.4
12023,25.5
12057,20.5
12073,19.4
12083,23.8
12086,18.2
12105,18.9
12125,25.6
13011,22.7
13013,24.9
13015,23.1
13035,25
13045,19.7
13047,17.7
13057,21.3
13059,23.1
13063,24.4
13077,16.5
13085,19.5
13097,21.8
13105,17.1
13111,22.9
13113,20
13115,20.3
13117,20.2
13119,22.4
13123,17.5
13133,18.3
13137,24.3
13139,19
13143,23.9
13145,19.2
13147,22.2
13149,22.3
13151,21.5
13157,20.6
13159,23.3
13171,22.7
13187,22.3
13195,21.6
13199,24
13207,16.3
13211,19.7
13217,22.5
13219,19
13221,23
13223,22.9
13227,23.5
13231,21.4
13241,21.1
13245,23.4
13247,21.6
13255,23.3
13257,23.4
13263,22.5
13281,22.1
13285,21.3
13291,21
13293,23.5
13295,22.3
13297,22.6
13311,16.8
13313,21
16001,13.8
16005,19.4
16007,15.2
16011,18.7
16019,16.9
16027,19.6
16029,17.1
16031,17
16041,17.7
16051,18
16053,15.5
16063,21.7
16065,17.1
16067,21.3
16071,18.9
16073,18.5
16075,21.4
16077,20
16081,18.3
16083,19.9
17005,21.9
17021,21.2
17023,20.8
17025,18.4
17027,20.5
17031,15.5
17033,21.3
17035,20.8
17043,19.8
17047,21.9
17049,21.1
17051,21.5
17055,21
17059,20.9
17065,17.8
17069,22.4
17077,19.2
17079,21.1
17081,17.6
17087,21.7
17091,21.9
17097,17
17101,17.5
17111,19.8
17117,19.8
17119,21
17121,19.6
17133,19.4
17135,18.8
17145,22.7
17151,20.1
17157,20.5
17159,20.6
17163,20.8
17165,21.1
17173,19.9
17181,21.4
17185,18.4
17189,20
17191,18.6
17193,21.7
17197,18.6
17199,21.5
18013,23.1
18021,23.5
18025,23
18027,22.6
18029,26.5
18037,21.7
18043,25.3
18047,22.9
18051,20.6
18055,24.1
18071,24.8
18073,22.1
18077,25.2
18083,25.3
18089,24.7
18091,26.3
18101,22.8
18109,24.4
18111,25.2
18115,21.4
18119,24.5
18121,24.7
18123,24.5
18125,22.2
18127,23.4
18129,21.4
18131,25.5
18137,24.6
18147,22.1
18149,24.7
18153,25.1
18155,25.9
18163,25.2
18167,24.2
18173,19.7
20001,22.5
20003,19.9
20007,22.5
20011,20.7
20015,21
20017,21.1
20019,21.9
20021,20.8
20025,21.1
20031,20.4
20033,15.9
20035,19.2
20037,21.8
20043,19.2
20047,20.5
20049,20.8
20059,20
20073,20.8
20077,19.6
20079,15.1
20087,21.3
20099,21.2
20107,19.6
20111,19.8
20121,21.5
20125,23.4
20127,19.8
20129,19.1
20133,21.6
20139,20.8
20155,20.6
20173,20
20175,18.9
20177,20.1
20185,20.4
20189,19.3
20191,19.5
20197,20.8
20205,24
20207,24.8
21005,24.6
21011,28.5
21013,31.6
21015,24.4
21019,27.1
21023,24.9
21025,27.9
21027,25.9
21031,27.8
21033,27.7
21037,24.9
21041,29.6
21043,28.4
21047,26
21051,33.3
21053,29.7
21055,22.9
21059,26.5
21061,25.3
21063,29.5
21065,28.4
21069,27
21071,28
21077,26.2
21079,25.3
21081,25.1
21085,28.6
21089,24.7
21091,25.4
21093,25.4
21095,29.5
21101,24.6
21103,27.5
21107,26.4
21109,32.3
21115,29.1
21117,28.6
21119,30.3
21121,30.1
21123,28.2
21125,27.8
21127,28
21129,30.6
21131,29.4
21133,26.4
21135,31.8
21139,23.3
21141,28.6
21143,24.9
21147,33.6
21149,26.5
21151,25.1
21153,30.7
21159,30
21161,27.9
21163,29.5
21165,28.5
21173,23.2
21175,27.6
21177,28.5
21181,29
21183,28
21185,25
21187,26.4
21189,31.3
21193,28
21195,28.4
21197,24.4
21203,26.7
21205,27.7
21211,24.1
21213,26.4
21215,22.9
21219,28.4
21221,26.5
21223,26.7
21225,29.2
21229,25.9
21231,28.6
21233,23.2
21235,27.7
21237,30.6
23013,18.7
23023,17.6
23027,21
23029,19.1
24001,18.6
24003,18.8
24015,19.9
24017,13
24023,18.1
24033,17
24037,17.8
24510,22.6
25001,14.9
25003,15.8
25005,17.8
25007,15
25011,17.7
25013,19.1
25015,20.3
25019,19.1
25021,18.9
25023,19.7
26001,20.1
26003,21.8
26007,21.9
26009,22
26013,22.7
26015,20.6
26029,21.2
26037,21.5
26043,23.5
26045,22.4
26047,19.8
26049,23.2
26053,22.2
26061,22.1
26065,23.1
26067,19.8
26071,24.1
26081,22.1
26083,21.6
26087,21.6
26089,17.6
26093,19.7
26103,23.2
26109,23.1
26115,23.1
26117,21.8
26119,22.2
26125,16.6
26137,23
26141,21.5
26151,22.8
26155,20.2
27001,19.6
27003,20
27007,23.3
27009,20
27017,18
27021,19.8
27025,19
27029,21.3
27031,18.3
27035,19.1
27059,19.7
27061,20.6
27071,19.3
27075,18.9
27077,20.1
27095,18.4
27097,19.5
27115,20.1
27137,21.2
28003,23.9
28017,24.2
28025,24.1
28081,23.6
28087,22.7
28103,24.8
28115,22.7
28145,23.1
29001,26.1
29007,25.8
29009,27.5
29011,24.5
29013,23.8
29015,24.5
29017,23.5
29019,23.3
29025,24.3
29027,23.6
29029,21.7
29031,23.8
29033,22.2
29035,24.6
29039,26.1
29041,25.1
29043,24.6
29045,25.2
29051,25.4
29053,25.8
29055,28.9
29057,25.1
29059,25.2
29061,24.4
29063,22.7
29065,25.7
29067,27
29071,26.3
29073,22.7
29075,22.9
29077,24.2
29079,26.4
29081,24.4
29083,25.4
29085,25.6
29089,24.2
29091,26.6
29097,24.6
29099,25.6
29101,24.3
29103,24.1
29105,27
29107,23.2
29109,26.3
29111,24.6
29113,25.9
29115,24.4
29117,24.8
29119,29.5
29121,24
29123,25.2
29125,25.6
29127,26.3
29129,26
29131,24.3
29135,25.6
29137,23.4
29139,26.5
29141,28.1
29145,24.4
29149,27.4
29151,19
29153,24.7
29157,23.1
29159,24.8
29161,26.7
29163,26
29167,26.5
29169,21.3
29171,25.2
29173,23.8
29175,26.9
29177,21.4
29179,25.7
29181,27.1
29183,21.1
29185,25.8
29186,24.8
29187,25.5
29189,23.7
29195,25.7
29197,25.5
29199,23.6
29203,27.1
29205,23.7
29209,26.3
29211,24.7
29213,23.9
29215,27.6
29217,26.2
29219,19.7
29221,28.3
29223,26.5
29225,22.8
29227,19.6
29229,24.2
29510,24.4
30037,21.6
30065,20.3
30069,21.4
30097,18.4
30103,18.5
30107,20.4
31003,19.5
31007,18.8
31013,20.5
31019,18.1
31029,19.3
31033,19.8
31041,18.3
31045,18.9
31047,20
31049,18.8
31057,20.2
31079,19.6
31093,18.8
31101,20.9
31103,16
31105,19.8
31121,18.8
31123,20
31135,18.1
31157,19.7
31161,19
31163,17.3
31165,17.2
31175,19.9
32001,22.7
32007,25.9
32009,26.8
32013,21.9
32023,20.8
32029,20.4
32031,17.2
33001,17.1
33005,18.9
33007,21
33009,15.7
33011,17.2
33013,18.3
33015,18.9
33017,21.6
33019,18.6
34003,15.3
34005,14.6
34007,17.5
34011,19
34013,15
34015,19.1
34017,17.2
34023,15.5
34031,19.1
34033,22
34039,18.9
35003,18.4
35005,20.5
35006,21.5
35009,22.5
35011,20.4
35013,14.6
35015,20.7
35017,19.2
35019,17.7
35021,19.8
35023,21
35025,20.2
35027,20.7
35028,15.7
35029,22.4
35031,21
35035,23.8
35037,22.2
35041,24.1
35043,18.9
35045,23.3
35051,19.2
35053,20.9
35057,23.6
35059,20
35061,21.2
36019,21.8
36045,17.5
36049,20.1
36055,18.2
36057,23.1
36063,18
36065,18
36073,22.1
36075,20.2
36089,22.1
36091,17.9
36093,15.2
36117,22.1
37001,23.2
37003,23.2
37009,20.4
37011,23.7
37023,22.9
37027,22.3
37033,21.2
37035,21.3
37043,21.4
37045,23.6
37067,22.9
37069,22.7
37071,23.3
37075,22.8
37087,23
37097,21.1
37099,23.1
37109,19.7
37111,22.6
37113,20
37115,23.7
37149,21.7
37161,24.9
37169,24.1
37171,23.1
37173,21.1
37181,24.5
37183,19.9
37185,22.3
37193,21.7
37197,22.2
37199,19.4
39007,25.5
39009,23.8
39015,25.5
39025,18.2
39035,21.9
39039,20
39043,24.7
39051,24.4
39053,23.7
39055,23.8
39069,21
39071,26.1
39073,23.1
39079,24.6
39085,24.5
39087,21.8
39093,21.8
39095,23.5
39099,24.9
39103,21.7
39105,26.8
39111,24.6
39115,26.8
39121,19.6
39123,23.1
39125,24.5
39133,23.1
39137,19.6
39143,20.8
39145,25
39155,23.8
39163,23.9
39167,21.1
39171,23.4
39173,21.8
40001,26.4
40007,24
40021,27.8
40025,24.3
40041,23.5
40045,25.1
40097,26.3
40135,24
40139,21.2
41001,17.8
41007,20.3
41009,20.8
41013,20.2
41021,17.8
41023,19.1
41025,19.7
41027,18.6
41031,19.6
41035,19.2
41037,18
41045,21
41049,20.1
41051,15.6
41055,17.4
41059,20.8
41061,21.1
41065,20.2
41067,17.5
41069,20.2
41071,20.4
42021,21.6
42039,20.7
42047,20.3
42049,23.6
42051,22.8
42053,22.7
42059,21.3
42065,21.8
42073,21.5
42083,22.5
42085,23.6
42103,19.9
42105,23.8
42111,22.3
42123,18.7
42125,19.5
42127,17.8
44005,20.1
44007,18
45001,20.6
45007,23.7
45021,23.3
45059,22.7
45073,21.2
45077,20.5
45083,21.3
45091,27
46007,27.3
46019,18.6
46033,19.5
46041,26.7
46047,17.4
46053,19.8
46055,22.8
46063,18
46071,23.1
46075,19.1
46081,19
46093,22.3
46095,25.1
46103,18.4
46121,33.3
46123,22.7
46137,30.8
47005,25.2
47015,24.4
47019,26.1
47021,21
47023,24.2
47027,26.5
47029,26.2
47031,22.5
47039,24.4
47041,26.6
47043,25.1
47049,23.9
47065,25
47071,26.5
47077,22.3
47083,25.6
47091,25.5
47109,24.7
47115,25.2
47125,24
47133,22.8
47137,25
47139,25
47141,21.9
47147,24
47155,26.2
47161,24.5
47165,24.4
47171,18
47175,25.8
47177,23.4
47185,21.4
48011,17.6
48017,18.2
48043,20.1
48065,18.7
48069,14.4
48107,20.8
48109,19.6
48111,17.8
48117,21
48129,20.8
48153,21.3
48169,21.2
48179,18.5
48189,19.9
48195,17.8
48205,19
48211,20.7
48219,19.8
48229,22.8
48233,18.2
48243,14.8
48279,17.6
48295,20
48299,20.6
48303,17.8
48305,18.9
48319,19.2
48341,19.5
48357,23
48359,21.5
48369,18.9
48375,20.4
48377,16.3
48381,15.9
48389,23.1
48393,17.7
48421,18.5
48437,16.6
48443,20.7
49001,14.5
49003,15.2
49005,11.9
49009,12.5
49011,13.7
49015,16.6
49017,13.5
49021,17.3
49023,13.2
49025,15
49027,10.3
49029,12
49033,8.7
49035,9.9
49037,15.1
49043,12.6
49045,16.4
49049,10.6
49051,15.5
49053,15
49055,13.8
49057,14.7
50001,16.5
50003,20.1
50005,19
50009,19.5
50011,18
50015,15.5
50017,20.4
50019,22
50021,21.5
50023,20.2
50025,13.4
50027,20.1
51003,17.8
51009,21.8
51013,18
51019,21.2
51027,22.5
51035,23.3
51037,22.2
51047,21.7
51051,21.2
51061,21.1
51063,18.7
51067,23.2
51077,19.4
51079,21
51083,23.9
51107,17.5
51111,21.7
51113,23.1
51117,23.5
51125,20.9
51147,24
51153,16.2
51157,21.4
51195,22.1
51540,21.1
51640,21.9
51680,20.2
51683,15.3
51685,21.3
51720,19.7
53001,17.5
53003,16.8
53005,17.8
53013,19.6
53017,20
53021,15.2
53023,17.6
53037,16.7
53039,16.7
53041,15.2
53043,17.5
53045,23.1
53071,22.9
53075,23
53077,21.2
54001,26.9
54007,26.2
54011,28.8
54013,31.8
54015,25.2
54017,26.3
54019,29.7
54021,28.7
54033,26
54035,25.2
54041,25.4
54043,27.6
54049,25.2
54053,29.7
54067,28
54073,26.4
54079,21.7
54081,23.9
54083,23.1
54085,22.8
54087,24.1
54091,21.1
54093,22.4
54095,23.4
54097,23.4
54099,24.8
54101,21.3
54105,21.1
54107,24.5
55001,18.8
55003,21.8
55005,20.1
55007,22.4
55009,18.9
55013,20.5
55015,17.1
55017,20.3
55019,22
55021,19.5
55031,20.4
55033,21
55035,20.5
55037,19.6
55041,23
55051,20.1
55053,20.6
55057,18.1
55059,20.2
55061,17.8
55063,19.4
55069,20.9
55071,20
55075,22
55077,18.2
55079,22.5
55081,21.8
55083,18.9
55085,19.8
55087,18.9
55089,18.2
55095,20
55099,16.6
55101,21.3
55107,20.3
55111,19.7
55113,23
55117,20.3
55119,19.5
55121,21.2
55125,20.5
55129,20.5
55137,18.2
55139,20
56031,20.4
56045,22
1015,25.1
1027,24.5
1029,23.8
1033,23.6
1037,25.8
1059,23.8
1071,25
1077,21.1
1079,24.5
1083,22.1
1089,19.5
1103,23.7
1121,24.7
6083,12.6
6111,12.7
8001,19.1
8005,16.9
8009,21.5
8011,21
8013,16.8
8014,15.5
8015,16.8
8017,18.3
8019,21
8025,20.5
8027,18.9
8029,14.3
8031,15.5
8033,16.3
8035,14.5
8039,17.2
8041,18.1
8043,19.6
8045,14.9
8047,15.2
8049,19.1
8051,18.1
8055,19.9
8057,17.8
8059,15.7
8061,14.5
8063,19.9
8065,20.9
8067,20.9
8069,18
8071,16.9
8073,20.4
8075,19.1
8077,19.2
8081,21.4
8083,16.6
8085,17.6
8087,18.3
8089,15.6
8091,17.5
8093,19.6
8095,16.4
8097,16.4
8099,15.9
8101,19.8
8103,17.9
8113,18.5
8115,17.5
8117,14.6
8119,17.1
8121,17
8123,17.3
8125,18.2
9001,15.7
9007,18.5
9009,17.4
9011,19.8
13067,20.1
13089,20.8
13121,19.5
13135,19.5
16009,23.1
16013,18
16015,18.8
16017,18.1
16021,19.4
16023,20.7
16025,19.1
16033,22.1
16035,20.4
16037,20.1
16039,16.8
16043,19.3
16047,20.6
16049,19.6
16055,19.3
16057,20.1
16059,18.2
16079,23.6
16085,21
17001,20.6
17007,16.6
17009,22.9
17011,20.1
17013,21
17015,19.8
17017,19.7
17019,18.8
17029,21.5
17037,20.2
17039,21
17041,20.4
17045,21
17053,20.8
17057,22
17061,20.3
17063,20.4
17067,19.9
17071,20.1
17073,18
17075,21.4
17083,20.9
17085,15.5
17089,21.4
17093,21.3
17095,22.2
17099,19.5
17103,21.3
17105,22
17107,21
17109,22.3
17113,20.2
17115,21.9
17123,22
17125,21.2
17129,19.1
17131,18.6
17137,22.1
17139,21.6
17141,20.5
17143,20.8
17147,19.2
17149,19.4
17155,17.6
17161,20.5
17167,20
17169,21.3
17171,22.7
17175,20.5
17177,19.6
17179,20.8
17183,22.2
17187,20.7
17195,20.8
17201,24.2
17203,17.5
18001,22.3
18003,22.9
18005,23.5
18007,24.9
18009,24.6
18011,22
18015,24.7
18017,23.9
18019,24.4
18023,23.1
18031,22.9
18033,24.6
18035,23.9
18039,23
18041,25.6
18045,18.2
18049,22.4
18053,25.8
18057,19.8
18059,22.1
18061,22.7
18063,23.1
18065,25
18067,26
18069,23
18075,23.9
18079,26.4
18081,23.7
18085,23.6
18087,22.8
18093,19.6
18095,24.9
18097,25.2
18099,25.2
18103,25.1
18105,23.7
18107,25.3
18113,24.1
18117,22.8
18133,23.9
18135,21.9
18139,22.3
18141,24.1
18143,25.3
18145,20.7
18151,23.8
18157,22.2
18159,22.5
18161,20.3
18165,24.6
18169,22.3
18171,22.3
18175,22.1
18177,22.5
18179,22.5
18181,20.4
18183,20.6
19001,19.2
19003,20.1
19005,17.5
19007,20.8
19009,18.1
19011,19.7
19013,19.4
19015,19.9
19017,19.4
19019,19.8
19021,19.1
19023,17.7
19025,20.5
19027,21
19029,20.2
19031,18.7
19033,20.8
19035,19.1
19037,16.5
19039,21.6
19041,19.7
19043,19.5
19045,22
19047,18.5
19049,16.3
19051,21.7
19053,20.7
19055,20.3
19057,21.2
19059,19.9
19061,19.1
19063,18.3
19065,19.4
19067,21.1
19069,20.3
19071,19.6
19073,19.7
19075,18.7
19077,19.4
19079,20.4
19081,18.9
19083,18.6
19085,20.1
19087,20.3
19089,18.3
19091,15.9
19093,19.5
19095,19.4
19097,18.7
19099,21.3
19101,18.7
19103,19.5
19105,21.9
19107,19.5
19109,18.4
19111,21.3
19113,18.7
19115,20
19117,19.2
19119,19
19121,20.4
19123,20.2
19125,20.9
19127,20.4
19129,19.3
19131,19.4
19133,21.4
19135,20.7
19137,20.1
19139,19.6
19141,17.7
19143,20.3
19145,19.9
19147,18.5
19149,18.4
19151,19.2
19153,19.9
19155,18.4
19157,15.1
19159,18.7
19161,19.8
19163,21.4
19165,20.3
19167,20
19169,17.3
19171,19.4
19173,21.5
19175,21.1
19177,18.8
19179,19.1
19181,20.3
19183,19.4
19185,20.9
19187,22.2
19189,20.1
19191,19.4
19193,20.9
19195,20.5
19197,20.7
20005,21.3
20009,22.9
20013,19.9
20023,19.9
20027,18.5
20029,20.8
20039,18.4
20041,20.6
20045,18.8
20051,19.8
20053,18.7
20055,20
20057,19.4
20061,23.6
20063,17.8
20065,20.2
20067,18.5
20069,18.4
20071,18
20075,20.1
20081,20
20083,18.1
20085,19.4
20089,19.3
20091,17.8
20093,20
20095,19.9
20097,19
20101,18
20103,19.8
20105,20.8
20109,19.8
20113,20.6
20115,19.8
20117,19.1
20119,19.2
20123,18.8
20131,18.4
20135,20.2
20137,18.7
20141,18.7
20143,20.2
20145,19.6
20147,19.2
20149,16.7
20151,19.2
20153,18.3
20157,20.3
20159,18.6
20161,19.4
20163,19.6
20165,19.8
20167,19.2
20169,21.3
20171,19.2
20179,21.1
20181,19.9
20183,18.5
20187,17.8
20193,22.2
20195,20.5
20199,22.9
20201,23.6
20203,22.3
20209,27.2
21001,29.4
21003,23.7
21009,25.5
21017,27.4
21021,26.1
21029,27.1
21045,29.8
21049,26
21057,26.9
21067,24.7
21073,27
21087,28
21097,28.8
21099,26.5
21111,25.9
21113,28
21137,26.9
21155,26.3
21167,26.1
21169,27.8
21171,27.6
21179,26.7
21191,27.2
21199,25.7
21201,26.8
21207,27.9
21209,23.4
21217,25.7
21227,22.7
21239,22.9
23001,19.5
23003,23.2
23005,18.1
23007,21
23009,18.1
23011,22.3
23015,21.4
23017,20.4
23019,21.8
23021,19.6
23025,20.9
23031,20
24005,15.8
24009,18.5
24013,12.8
24021,16.3
24025,20.9
24027,14.3
24031,15.1
24043,18.6
25009,18
25017,19.1
25027,22.5
26023,19.4
26025,24.1
26027,21.7
26059,21.8
26075,18.5
26077,20.5
26091,20.5
26149,23.1
26161,17.3
27005,16.2
27011,18.4
27013,18
27015,20.5
27019,18
27023,16.6
27027,18.4
27033,20.9
27037,18.2
27039,16.9
27041,17.6
27043,19.1
27045,19.8
27047,20.3
27049,19.3
27051,21
27053,17.2
27055,18.2
27057,21.6
27063,19.5
27065,19.2
27067,18.5
27069,17
27073,22.3
27079,18.2
27081,20.2
27083,19.6
27085,18.8
27087,23.1
27089,16.4
27091,19.5
27093,19.9
27099,21.3
27101,21.6
27103,18.1
27105,18.5
27107,18.6
27109,16.2
27111,19.7
27113,19.5
27117,17.6
27119,21
27121,19
27123,19.6
27125,15.5
27127,19.3
27129,18.3
27131,16.7
27133,17.9
27135,17.3
27139,18.3
27141,19.3
27143,17.6
27145,19.5
27147,18.6
27149,16.7
27151,20.2
27153,20
27155,17.7
27157,17.4
27159,18.6
27161,20.7
27163,19.7
27165,21.7
27167,21.1
27169,22.1
27171,19.8
27173,22.7
29003,24
29005,19
29021,26.7
29037,21.1
29047,22.5
29049,24.4
29087,21.6
29093,25.1
29095,24.8
29147,22.7
29165,25.2
30001,19.2
30003,25.9
30005,23.9
30007,19
30009,21.1
30011,18.2
30013,20.2
30015,19.8
30017,15.7
30019,18.7
30021,23.7
30023,21.1
30025,18.1
30027,21
30029,17.8
30031,16.6
30033,20.9
30035,25.5
30039,19.3
30041,21.9
30043,16.7
30045,20.2
30047,23.4
30049,17.5
30051,19.5
30053,18.7
30055,17.1
30057,19.7
30059,21.4
30061,19.8
30063,21.7
30067,17.9
30071,25.1
30073,22.2
30075,19.5
30077,21.4
30079,21.2
30081,18.8
30083,18.5
30085,24.9
30087,24
30089,20.1
30091,20.1
30093,22.1
30095,18.7
30099,18.9
30101,20.8
30105,17.8
30109,19.2
30111,20.3
31001,20.3
31011,17.8
31015,18.3
31021,19.4
31023,19.4
31025,20.1
31027,17.4
31035,19.1
31037,18.9
31039,19.7
31043,19.3
31051,19.5
31053,20.8
31055,19.9
31059,18.2
31061,18.9
31063,19.6
31065,19.2
31067,19.3
31073,19.6
31077,15.9
31081,20.1
31083,20.9
31085,17.2
31087,20
31095,18.1
31097,20.3
31099,17.9
31107,19.1
31109,18.2
31119,20.2
31125,18.7
31127,17.9
31129,17.4
31131,19.4
31133,20.9
31137,18.3
31139,17.1
31141,18.7
31143,18.7
31145,17.3
31147,20.9
31151,17.8
31153,17.9
31155,19.2
31159,22.6
31167,20
31169,17
31173,27.9
31177,18.5
31179,19
31181,21.4
31185,20.3
32005,21.8
32011,20.8
32015,19.6
32017,21.8
32019,23.5
32021,21.7
32027,20.6
32033,19.4
32510,18.7
33003,18.2
34019,18.1
34021,13.6
34025,16.4
34027,16.8
34035,18.6
34037,18.2
34041,18.9
35001,20.6
35007,19.9
35033,19.2
35039,19.3
35047,19.1
35049,18.9
35055,21.1
36001,19.9
36003,19.7
36007,20.3
36009,21.3
36011,19
36013,20.5
36015,19.6
36017,21.2
36021,19
36023,21.1
36025,18.4
36027,18.6
36029,19.7
36037,20.1
36039,18.5
36051,18.3
36053,18.3
36067,18.8
36069,18.1
36071,16.3
36077,19.7
36079,18
36083,20.8
36095,19
36097,19.6
36099,21.4
36101,20.8
36105,22.2
36107,19.4
36109,19.9
36111,21.7
36115,22.8
36121,21
36123,21.7
37005,21.4
37021,18.3
37039,21
37089,20.2
37121,20.9
37157,24.7
37175,21.1
37189,26.8
38001,16.9
38003,19.3
38005,26.2
38007,19.6
38009,21
38011,18.9
38013,21.1
38015,18.9
38017,19.7
38019,17.6
38021,19.4
38023,20.5
38025,20.4
38027,19.7
38029,18.3
38031,20.2
38033,21.6
38035,20.1
38037,20.2
38039,18.7
38041,19.4
38043,19.3
38045,22
38047,18.1
38049,19.6
38051,18.3
38053,23.7
38055,21.5
38057,20.3
38059,20.6
38061,22.8
38063,23.6
38065,18.8
38067,19.3
38069,26.9
38071,20.5
38073,19.4
38075,20.3
38077,20.8
38079,29.6
38081,17.8
38083,20.2
38085,29.8
38087,19.3
38089,23.1
38091,22.8
38093,22.2
38095,20.1
38097,22.8
38099,19.6
38101,21.3
38103,21.3
38105,26.4
39001,24
39003,24.3
39005,22.6
39011,22.6
39013,24.6
39017,24.3
39019,21.9
39021,22.4
39023,23.1
39027,22.7
39029,21.9
39031,25.5
39033,20.9
39037,23.5
39041,16.7
39045,21.1
39047,22.2
39049,23.5
39057,22.6
39059,26.1
39061,22.9
39063,24.7
39065,25.4
39067,22.9
39075,22.4
39077,21.8
39081,25.1
39083,23.6
39089,24.7
39091,21
39097,22.3
39101,24.9
39107,20.1
39109,22.1
39113,23.8
39117,23.1
39119,24.8
39127,23.6
39129,24.8
39131,24
39135,22.7
39139,25.6
39141,25.9
39147,24.9
39149,19.6
39151,23.2
39153,22.1
39157,19.6
39159,22.2
39161,25.8
39165,22.1
39169,23.4
39175,25.7
42001,18.7
42003,19.6
42005,21.7
42007,22.6
42009,23.7
42011,16.9
42013,17.7
42015,21.4
42017,20.2
42019,20.7
42023,22.3
42025,19.7
42027,18.9
42029,18.5
42031,22.4
42033,22.6
42035,24.1
42037,24.9
42041,20.1
42043,22.2
42045,20.7
42055,19.5
42057,21.5
42061,20.7
42063,23.1
42067,22.8
42069,23.1
42071,20.9
42075,17.9
42077,21.2
42079,21.3
42081,22.9
42087,21.5
42089,22.2
42091,20.7
42093,19.2
42095,21.3
42097,22.8
42099,21.3
42107,23.4
42109,21
42113,19.9
42115,22.2
42117,20
42119,18.1
42121,20.7
42129,21.3
42131,21
42133,21.6
44003,20.1
44009,18.6
45045,22.3
46003,19
46005,18.9
46009,20.2
46011,15.5
46013,19.4
46015,23.8
46017,28.9
46021,19.1
46023,20.9
46025,25
46027,19.5
46029,18.7
46031,29.2
46035,20.2
46037,19.7
46039,18
46043,17.5
46045,17.7
46049,16
46051,17.6
46057,19.6
46059,17.8
46061,18.1
46065,18.6
46067,14.5
46069,20
46073,17.8
46077,18.5
46079,23
46083,17.8
46085,22.1
46087,18.9
46089,18.4
46091,19.4
46097,25.6
46099,19.4
46101,19.7
46105,24.8
46107,18.5
46109,21.3
46111,16.3
46115,18.5
46117,24.2
46119,19.7
46125,22.2
46127,19.6
46129,21.2
46135,24
47001,24.3
47003,26.6
47009,24.9
47011,24
47025,25.4
47037,23.5
47055,25.8
47057,26.4
47059,25
47063,25.6
47067,28.3
47073,25.6
47081,28.5
47085,26
47087,26.2
47089,23.2
47093,23.7
47099,25.9
47101,25.2
47103,25.1
47105,24.9
47107,26.4
47111,25.9
47113,25.8
47117,24.6
47121,25.3
47123,28.2
47127,24.3
47135,27.9
47145,23.7
47149,22.1
47159,25.1
47163,23.6
47169,25.8
47173,23.4
47179,24
47181,23.1
47187,17.9
47189,20.8
49007,15.2
49013,12.1
49019,13.6
49031,16.5
49039,14.2
49041,13.3
49047,16.8
51005,23.3
51007,24.7
51011,22.1
51015,22
51017,22.6
51021,17.7
51023,16.8
51025,23.2
51029,22.9
51031,24.8
51041,18.4
51043,19.7
51045,20
51049,21.4
51053,23.9
51059,19.7
51065,16.5
51069,19.6
51071,19.1
51075,20.1
51089,25.2
51091,18.4
51105,23.6
51109,24.3
51121,21.3
51135,20.6
51137,20.3
51139,19.6
51141,23.9
51143,23.9
51145,19.8
51155,22.1
51161,20.4
51163,20.3
51165,20.4
51167,25.5
51169,24.2
51171,16.7
51173,17
51177,24.6
51179,18
51185,24.4
51187,23.3
51191,23.3
51197,23.9
51520,26.5
51530,20.3
51580,21.1
51590,23
51600,20.2
51610,15.5
51620,23
51630,20.5
51660,21.3
51678,20.7
51690,18.2
51750,23.3
51770,23.7
51775,17.3
51790,18.4
51820,16.8
51840,16.4
53011,20.9
53019,20.3
53025,18.1
53031,18.4
53047,23.4
53051,24.1
53059,24.1
53063,24
53065,23.9
54003,23.9
54009,26.7
54023,24.3
54025,28.4
54027,22.9
54029,25.2
54031,25.4
54037,24.5
54051,26.8
54055,26.9
54057,24.1
54061,25.1
54063,24.5
54065,27.1
54069,26.1
54071,25.2
54075,28.1
54077,25.1
54089,23.9
54103,24.5
55011,18.7
55023,21.7
55025,18.7
55027,19.2
55029,17.8
55039,18.9
55043,21.8
55045,24.5
55047,21.1
55049,20.7
55055,18.1
55065,17.5
55067,20.7
55073,20.3
55078,27.8
55091,19.8
55093,19.2
55097,18.2
55103,21.5
55105,21.1
55109,15.4
55115,21.1
55123,20.8
55127,18.7
55131,16.7
55133,20.1
55135,20.3
55141,19.6
56001,17.8
56003,20.7
56005,16.3
56007,20.5
56009,20.3
56011,20.2
56013,19.5
56015,17.9
56017,17.7
56019,17
56021,19.1
56023,17.5
56025,23.8
56027,19.1
56029,19.6
56033,20
56035,14.2
56037,16.6
56039,16.4
56041,18.5
56043,21
