FIPS,PM25
1003,7.89
1013,8.46
1013,8.46
1017,8.87
1023,8.58
1025,8.42
1031,8.42
1035,8.23
1039,8.24
1041,8.45
1045,8.4
1053,8.08
1053,8.08
1061,8.2
1067,8.38
1069,8.4
1091,8.71
1097,8.04
1099,8.39
1109,8.54
1123,9.04
1129,8.3
1131,8.76
5001,9.11
5003,8.57
5011,8.32
5011,8.32
5013,8.25
5017,8.68
5019,7.95
5021,9.44
5023,7.97
5025,8.43
5027,7.87
5029,8.31
5031,9.59
5033,7.71
5035,9.62
5037,9.6
5039,8.14
5041,8.92
5043,8.57
5045,8.61
5047,7.76
5053,8.49
5055,9.49
5057,7.65
5059,8.05
5061,7.46
5067,9.31
5069,8.86
5071,7.49
5073,7.79
5075,8.84
5077,9.19
5079,8.66
5081,7.56
5083,7.75
5085,9.05
5087,7.11
5091,7.64
5093,9.47
5095,9.27
5099,7.79
5101,7.01
5103,8.02
5105,7.86
5107,9.07
5109,7.56
5111,9.81
5113,7.16
5115,7.7
5117,9.29
5119,8.96
5123,9.35
5125,8.2
5127,7.33
5131,7.89
5133,7.46
5139,8.16
5141,7.49
5143,7.57
5145,8.97
5147,9.4
5149,7.72
6007,5.77
6011,5.53
6015,3.73
6021,5
6023,3.46
6025,7.48
6031,9.89
6033,3.32
6035,3.67
6041,5.2
6045,3.18
6047,9.24
6049,3.56
6055,5.04
6059,10.98
6067,8.27
6073,7.43
6077,8.57
6089,4.07
6093,3.95
6095,7.35
6097,4.43
6099,8.72
6101,7.24
6103,4.49
6105,3.55
6113,6.7
9003,7.1
10001,9.23
10005,8.65
11001,9.79
12003,7.42
12005,7.76
12007,7.1
12009,6.14
12011,6.37
12013,7.7
12015,7.03
12019,7.06
12021,6.58
12027,7.08
12029,7.07
12031,7.36
12033,7.74
12035,6.81
12037,7.33
12039,7.96
12041,7.08
12043,6.81
12045,7.32
12047,7.73
12049,7.3
12051,6.92
12053,7.52
12055,6.89
12059,8.09
12061,6.1
12063,8.12
12065,7.82
12067,7.2
12069,7.34
12071,6.98
12075,7.14
12077,7.66
12079,7.76
12081,7.63
12085,6.26
12087,5.38
12089,7.51
12091,7.99
12093,6.48
12095,7.32
12097,6.77
12099,6.55
12101,7.77
12103,7.9
12107,7.02
12109,6.89
12111,6.05
12113,7.81
12115,7.32
12117,7.14
12119,7.45
12121,7.47
12123,7.42
12127,6.73
12129,7.64
12131,7.99
12133,7.83
13001,8.27
13003,8.19
13005,8.21
13007,8.63
13009,8.77
13017,8.55
13019,8.44
13021,9.13
13023,8.53
13025,7.86
13027,8.22
13029,8.11
13031,8.3
13033,8.45
13037,8.53
13039,7.62
13043,8.4
13049,7.7
13051,8.27
13053,8.82
13055,9.03
13061,8.57
13065,7.85
13069,8.39
13071,8.5
13073,8.63
13075,8.51
13079,8.71
13081,8.66
13083,8.53
13087,8.36
13091,8.5
13093,8.67
13095,8.65
13099,8.51
13101,7.79
13103,8.13
13107,8.4
13109,8.23
13125,8.42
13127,7.75
13129,9.52
13131,8.23
13141,8.54
13153,8.74
13155,8.54
13161,8.36
13163,8.46
13165,8.4
13167,8.47
13169,8.78
13173,8.09
13175,8.56
13177,8.64
13179,8.04
13181,8.55
13183,8.06
13185,8.12
13189,8.48
13191,7.77
13193,8.65
13197,8.55
13201,8.63
13205,8.56
13209,8.39
13213,9.03
13215,9.17
13225,8.69
13229,8.04
13233,9.06
13235,8.67
13237,8.78
13239,8.69
13243,8.51
13249,8.5
13251,8.31
13253,8.51
13259,8.63
13261,8.54
13265,8.47
13267,8.29
13269,8.64
13271,8.47
13273,8.51
13275,8.16
13277,8.62
13279,8.37
13283,8.46
13287,8.52
13289,8.64
13299,7.9
13301,8.47
13303,8.53
13305,8.07
13307,8.49
13309,8.42
13315,8.56
13317,8.46
13319,8.72
13321,8.54
16003,4.25
16045,4.81
16061,4.35
16069,4.85
16087,4.33
17003,9.21
17127,9.01
17153,9.23
21007,9.19
21035,8.56
21039,9.19
21075,9.25
21083,8.76
21105,9.16
21145,9.01
21157,8.69
22001,8.71
22003,8.4
22005,8.72
22007,8.29
22009,8.5
22011,7.84
22013,8.01
22015,7.92
22017,7.78
22019,8.14
22021,8.32
22023,7.93
22025,8.46
22027,7.96
22029,8.57
22031,7.77
22033,8.92
22035,8.62
22037,8.26
22039,8.62
22041,8.58
22043,8.27
22045,8.21
22047,8.83
22049,8.16
22051,7.08
22053,8.52
22055,8.69
22057,7
22059,8.24
22061,8.12
22063,8.39
22065,8.59
22067,8.6
22069,8.02
22071,7.78
22073,8.55
22075,6.13
22077,8.87
22079,8.36
22081,8
22083,8.64
22085,7.82
22087,6.72
22089,7.72
22091,8.04
22093,8.5
22095,8.38
22097,8.69
22099,8.56
22101,7.99
22103,7.86
22105,8.04
22107,8.54
22109,7.1
22111,8.34
22113,8.11
22115,7.88
22117,7.7
22119,7.91
22121,9.11
22123,8.63
22125,8.5
22127,8.11
24011,8.98
24019,8.66
24029,9.5
24035,9.33
24039,8.27
24041,9.11
24045,8.33
24047,8.19
25025,7.62
26005,8.19
26011,6.94
26017,7.85
26019,5.74
26021,9.1
26031,5.39
26033,4.82
26035,6.39
26039,5.55
26041,5.22
26051,6.82
26055,5.67
26057,7.76
26063,7.62
26069,6.4
26073,7.16
26079,5.51
26085,6.13
26095,4.51
26097,4.92
26099,9.79
26101,5.95
26105,6.37
26107,6.81
26111,7.49
26113,5.81
26121,7.45
26123,6.78
26127,6.73
26129,6.19
26131,4.62
26133,6.21
26135,5.52
26139,8.13
26143,5.98
26145,8.17
26147,9.02
26153,4.82
26157,7.91
26159,8.43
26163,10.48
26165,5.73
28001,8.27
28005,7.84
28007,8.06
28009,7.89
28011,8.81
28013,8.09
28015,8.09
28019,7.95
28021,8.24
28023,8.4
28027,8.97
28029,8.09
28031,8.07
28033,8.98
28035,7.99
28037,7.97
28039,7.78
28041,7.97
28043,8.18
28045,7.5
28047,7.68
28049,8.29
28051,8.19
28053,8.47
28055,8.6
28057,8.32
28059,7.67
28061,8.27
28063,8.17
28065,7.93
28067,8.25
28069,8.33
28071,7.97
28073,7.79
28075,8.42
28077,8.03
28079,8.08
28083,8.66
28085,7.8
28089,8.22
28091,7.87
28093,8.03
28095,8.43
28097,7.92
28099,8.2
28101,8.3
28105,8.19
28107,8.34
28109,7.58
28111,8.01
28113,7.71
28117,8.16
28119,8.76
28121,8.26
28123,8.18
28125,8.54
28127,8.04
28129,8.22
28131,7.62
28133,8.68
28135,8.51
28137,8.62
28139,7.87
28141,8.15
28143,9.08
28147,7.74
28149,8.37
28151,8.69
28153,8.31
28155,7.89
28157,8.2
28159,8.06
28161,8.04
28163,8.21
29023,9.02
29069,9.46
29133,9.29
29143,9.39
29155,9.37
29201,9.41
29207,9.35
31005,4.11
31009,4.54
31017,4.39
31031,4.13
31069,4.27
31071,4.77
31075,4.05
31089,4.84
31091,4.1
31111,4.53
31113,4.39
31115,4.68
31117,4.23
31149,4.53
31171,4.33
31183,5.03
32003,4.8
34001,8.26
34009,8.49
34029,8.25
36005,9.14
36031,5.28
36033,5.21
36035,6.03
36041,5.35
36043,5.85
36047,9.15
36059,8.27
36061,9.81
36081,9
36085,8.89
36087,7.98
36103,7.36
36113,5.61
36119,7.81
37007,8.62
37013,7.3
37015,7.46
37017,8.05
37019,7.31
37025,8.77
37029,7.39
37031,6.61
37037,8.47
37041,7.54
37047,7.72
37049,7.21
37051,8.74
37053,7.39
37055,6.63
37057,8.56
37059,8.33
37061,7.76
37063,8.46
37065,7.93
37073,7.41
37077,7.7
37079,8.04
37081,8.49
37083,7.63
37085,8.68
37091,7.5
37093,8.62
37095,6.88
37101,8.49
37103,7.32
37105,8.66
37107,7.86
37117,7.48
37119,9.15
37123,8.57
37125,8.6
37127,8.15
37129,7.45
37131,7.55
37133,7.26
37135,8.17
37137,6.91
37139,7.48
37141,7.41
37143,7.4
37145,7.67
37147,7.79
37151,8.46
37153,8.61
37155,8.44
37159,8.66
37163,8.27
37165,8.61
37167,8.62
37177,6.94
37179,8.68
37187,7.25
37191,8.23
37195,8.24
40003,6.92
40005,7.31
40009,5.5
40011,6.59
40013,7.62
40015,6.46
40017,7.17
40019,7.39
40023,7.44
40027,7.45
40029,7.45
40031,6.5
40033,6.57
40035,8.36
40037,7.79
40039,5.87
40043,5.83
40047,7.45
40049,7.4
40051,6.97
40053,7.26
40055,5.66
40057,5.55
40059,5.77
40061,8.11
40063,7.57
40065,5.84
40067,7.12
40069,7.4
40071,7.6
40073,7.33
40075,6.05
40077,7.52
40079,7.57
40081,7.57
40083,7.43
40085,7.49
40087,7.32
40089,7.29
40091,8.22
40093,6.64
40095,7.7
40099,7.41
40101,8.4
40103,7.67
40105,8.27
40107,7.71
40109,7.65
40111,8.05
40113,7.81
40115,8.31
40117,7.83
40119,7.7
40121,7.68
40123,7.47
40125,7.51
40127,7.23
40129,5.48
40131,8.52
40133,7.56
40137,6.98
40141,5.99
40143,8.6
40145,8.59
40147,8.23
40149,5.92
40151,6.28
40153,5.79
41003,3.19
41005,4.11
41011,2.54
41015,2.75
41017,3.65
41019,3.36
41029,4.25
41033,3.63
41039,3.37
41041,2.48
41043,3.69
41047,4.01
41053,3.27
41057,2.6
41063,3.85
42101,10.31
44001,6.65
45003,8.5
45005,8.22
45009,8.11
45011,8.35
45013,8.01
45015,7.74
45017,8.31
45019,7.5
45023,8.51
45025,8.54
45027,8.3
45029,7.83
45031,8.66
45033,8.43
45035,7.86
45037,8.49
45039,8.49
45041,8.26
45043,7.42
45047,8.49
45049,8
45051,7.7
45053,8
45055,8.61
45057,8.51
45061,8.6
45063,8.68
45065,8.51
45067,8.1
45069,8.6
45071,8.5
45075,8.21
45079,8.74
45081,8.47
45085,8.51
45087,8.53
45089,7.76
47007,7.74
47013,7.4
47017,8.35
47033,8.95
47035,7.34
47045,9.23
47047,8.31
47051,8.38
47053,8.8
47061,7.67
47069,7.98
47075,8.74
47079,8.51
47095,9.35
47097,9.12
47119,8.39
47129,7.53
47131,9.09
47143,8.47
47151,7.23
47153,7.85
47157,9.38
47167,9.02
47183,8.77
48001,6.91
48003,5.12
48005,7.34
48007,5.75
48009,6.31
48013,6.57
48015,7.15
48019,6.13
48021,6.53
48023,5.82
48025,6.11
48027,6.75
48029,7.27
48031,6.27
48033,5.49
48035,6.64
48037,7.45
48039,6.79
48041,7.1
48045,5.39
48047,6.56
48049,5.72
48051,6.85
48053,6.15
48055,6.66
48057,5.8
48059,5.51
48061,6.7
48063,7.04
48067,7.31
48071,7.38
48073,6.95
48075,5.44
48077,6.79
48079,4.78
48081,6.07
48083,5.61
48085,8.35
48087,5.38
48089,6.87
48091,6.93
48093,5.92
48095,6.08
48097,7.76
48099,6.38
48101,5.41
48103,5.86
48105,6.95
48113,8.7
48115,5.15
48119,7.55
48121,8.43
48123,6.24
48125,5.3
48127,6.95
48131,6.52
48133,5.68
48135,5.49
48137,6.93
48139,7.96
48141,5.8
48143,6.25
48145,6.91
48147,7.65
48149,6.69
48151,5.48
48155,5.53
48157,7.43
48159,7.17
48161,7.02
48163,6.26
48165,4.93
48167,7.02
48171,5.92
48173,5.91
48175,6.04
48177,6.56
48181,7.96
48183,7.29
48185,6.99
48187,6.85
48191,5.44
48193,6.18
48197,5.59
48199,7.5
48201,8.22
48203,7.31
48207,5.48
48209,6.77
48213,7.11
48215,7.37
48217,7.29
48221,7.1
48223,7.31
48225,6.9
48227,5.65
48231,7.77
48235,6.79
48237,6.41
48239,6.33
48241,7.51
48245,7.56
48247,6.99
48249,6.31
48251,7.73
48253,5.56
48255,6.5
48257,7.81
48259,6.5
48261,6.18
48263,5.39
48265,6.01
48267,6.41
48269,5.42
48271,7.75
48273,6.12
48275,5.52
48277,7.45
48281,6.08
48283,6.8
48285,6.53
48287,6.67
48289,6.82
48291,7.6
48293,7.04
48297,6.54
48301,5.07
48307,5.83
48309,7.07
48311,6.98
48313,6.93
48315,7.41
48317,5.43
48321,6.11
48323,7.91
48325,6.34
48327,6
48329,5.65
48331,6.72
48333,5.81
48335,5.69
48337,7.12
48339,7.65
48343,7.12
48345,5.39
48347,7.15
48349,7.4
48351,7.68
48353,5.65
48355,6.11
48361,7.97
48363,6.32
48365,7.34
48367,7.27
48371,6
48373,7.19
48379,7.34
48383,6.41
48385,5.94
48387,7.35
48391,5.93
48395,6.86
48397,8.3
48399,5.81
48401,7.07
48403,7.78
48405,7.57
48407,7.33
48409,6.06
48411,5.75
48413,6.61
48415,5.42
48417,5.68
48419,7.51
48423,7.02
48425,6.91
48427,7.75
48429,5.75
48431,6.24
48433,5.46
48435,7.24
48439,8.45
48441,5.59
48445,5
48447,5.78
48449,7.19
48451,6.57
48453,6.99
48455,7.09
48457,7.29
48459,6.98
48461,6.14
48463,6.29
48465,7.98
48467,7.18
48469,6.15
48471,7.02
48473,7.38
48475,5.41
48477,7.13
48479,7.5
48481,6.74
48483,5.42
48485,6.43
48487,5.8
48489,6.56
48491,6.55
48493,6.61
48495,5.14
48497,7.6
48499,6.94
48501,4.85
48503,5.95
48505,7.92
48507,6.62
50007,5.99
50013,6.48
51001,8.07
51033,7.59
51036,7.72
51057,7.72
51073,7.88
51081,7.49
51085,7.65
51087,8
51093,7.58
51095,7.88
51097,7.62
51099,8.16
51101,7.72
51103,7.78
51115,7.96
51119,7.77
51127,7.64
51131,7.83
51133,7.83
51149,7.54
51159,7.81
51175,7.51
51181,7.55
51183,7.38
51193,8.02
51199,8.1
51510,9.62
51550,7.53
51570,8.07
51595,6.65
51650,8.38
51670,8.11
51700,8.34
51710,8.22
51730,7.75
51735,8.18
51740,8.11
51760,8.37
51800,7.45
51810,7.74
51830,8.08
53007,3.93
53009,2.58
53015,3.7
53027,2.88
53029,4.59
53033,4.39
53035,4.65
53049,2.78
53053,4.13
53055,4.49
53057,3.98
53061,4.19
53067,4.06
53069,3.09
53073,4.17
54005,6.85
54039,7.42
54045,6.93
54047,6.52
54059,7.05
54109,6.46
1001,9.2
1005,8.58
1007,9.28
1009,9.08
1011,8.79
1019,9.22
1021,9.21
1043,9.05
1047,9.08
1049,8.67
1051,9.23
1055,9.2
1057,8.58
1063,8.77
1065,8.94
1073,9.69
1075,8.42
1081,8.9
1085,8.88
1087,9
1093,8.38
1095,9
1101,9.13
1105,9.05
1107,8.55
1111,8.86
1113,8.9
1115,9.29
1117,9.6
1119,8.69
1125,9.13
1127,9.13
1133,8.74
4001,3.53
4003,4.16
4005,3.71
4007,4.29
4009,4.23
4011,4.08
4012,6.11
4013,6.67
4015,4.36
4017,3.55
4019,5.17
4021,5.61
4023,4.13
4025,4.49
4027,6.6
5005,7.39
5007,7.89
5009,7.17
5015,7.18
5049,7.4
5051,7.84
5063,8.34
5065,7.54
5089,7.29
5097,7.43
5121,8.62
5129,7.17
5135,7.75
5137,7.34
6001,7.04
6003,4.44
6005,6.18
6009,6.44
6013,7.27
6017,5.3
6019,8.14
6027,4.95
6029,7.84
6037,9.15
6039,8.42
6043,7.23
6051,5.14
6053,5.22
6057,5.01
6061,5.58
6063,4.02
6065,7
6069,5.18
6071,6.11
6075,8.47
6079,5.91
6081,6.25
6085,6.3
6087,5.82
6091,4.4
6107,7.64
6109,5.91
6115,6.43
8003,3.92
8007,3.47
8021,3.48
8023,3.57
8037,3.55
8053,2.95
8079,3.11
8105,3.57
8107,3.6
8109,3.45
8111,2.64
9005,6.5
9013,6.38
9015,6.29
10003,10.03
12001,7.11
12017,7.34
12023,7.45
12057,8.13
12073,7.94
12083,7.12
12086,5.61
12105,7.56
12125,7.18
13011,8.95
13013,9.13
13015,9.62
13035,8.95
13045,9.09
13047,9.25
13057,9.55
13059,9.01
13063,9.98
13077,9.24
13085,8.73
13097,9.77
13105,8.65
13111,7.94
13113,9.54
13115,9.35
13117,9.66
13119,8.83
13123,8.24
13133,8.67
13137,8.36
13139,9.26
13143,8.9
13145,8.78
13147,8.7
13149,9.04
13151,9.47
13157,9.03
13159,8.83
13171,8.74
13187,8.33
13195,8.69
13199,8.74
13207,8.9
13211,8.84
13217,9.16
13219,8.82
13221,8.6
13223,9.55
13227,8.82
13231,8.74
13241,7.66
13245,8.76
13247,9.65
13255,9.01
13257,8.91
13263,8.65
13281,7.6
13285,8.98
13291,7.7
13293,8.65
13295,8.8
13297,9.04
13311,8.18
13313,9.37
16001,5.41
16005,4.51
16007,4
16011,4.43
16019,4.07
16027,5.35
16029,4
16031,4.11
16041,4.73
16051,4.98
16053,4.53
16063,4.15
16065,4.54
16067,4.37
16071,4.43
16073,3.84
16075,4.98
16077,4.38
16081,4.17
16083,3.97
17005,9.3
17021,9
17023,9.83
17025,9.72
17027,9.44
17031,10.73
17033,9.81
17035,9.66
17043,10.38
17047,9.77
17049,9.53
17051,9.4
17055,9.36
17059,9.18
17065,9.57
17069,8.77
17077,9.13
17079,9.78
17081,9.36
17087,8.59
17091,9.63
17097,9.71
17101,9.87
17111,8.98
17117,8.75
17119,9.19
17121,9.43
17133,8.84
17135,9.12
17145,9.31
17151,8.59
17157,9.03
17159,9.86
17163,9.27
17165,9.14
17173,9.26
17181,8.84
17185,9.83
17189,9.31
17191,9.77
17193,9.7
17197,10.05
17199,9.02
18013,9.32
18021,9.93
18025,8.68
18027,9.75
18029,9.4
18037,9.12
18043,9.06
18047,9.61
18051,9.87
18055,9.57
18071,9.5
18073,9.91
18077,8.91
18083,9.88
18089,10.51
18091,9.49
18101,9.13
18109,9.81
18111,9.78
18115,9.18
18119,9.5
18121,9.85
18123,8.81
18125,9.54
18127,10.05
18129,9.72
18131,9.91
18137,9.15
18147,9.36
18149,9.61
18153,9.99
18155,8.93
18163,9.95
18167,10.08
18173,9.69
20001,7.48
20003,7.26
20007,6.29
20011,7.62
20015,6.9
20017,6.54
20019,7.53
20021,8.26
20025,5.73
20031,6.97
20033,5.83
20035,7.36
20037,8.06
20043,7.38
20047,5.7
20049,7.35
20059,7.14
20073,7.04
20077,6.87
20079,6.6
20087,7.02
20099,8.16
20107,7.4
20111,6.63
20121,7.41
20125,7.95
20127,6.38
20129,5.03
20133,7.96
20139,6.76
20155,6.31
20173,7.12
20175,5.53
20177,7.01
20185,5.97
20189,5.31
20191,7.33
20197,6.46
20205,7.61
20207,7.23
21005,8.32
21011,7.81
21013,7.07
21015,9.64
21019,8.01
21023,8.6
21025,7.31
21027,8.6
21031,8.79
21033,8.58
21037,9.77
21041,8.78
21043,7.63
21047,8.67
21051,7.37
21053,7.95
21055,8.64
21059,9.38
21061,8.43
21063,7.38
21065,7.51
21069,7.91
21071,7.26
21077,9.03
21079,7.93
21081,8.58
21085,8.45
21089,8
21091,9.03
21093,8.51
21095,6.6
21101,9.66
21103,8.55
21107,8.89
21109,7.16
21115,7.36
21117,9.69
21119,7.08
21121,7.54
21123,8.32
21125,7.64
21127,7.47
21129,7.37
21131,7.17
21133,6.75
21135,7.77
21139,8.77
21141,8.84
21143,8.65
21147,7.51
21149,9.32
21151,7.87
21153,7.19
21159,7.32
21161,8.44
21163,8.72
21165,7.18
21173,7.84
21175,7.28
21177,8.89
21181,7.99
21183,9
21185,8.76
21187,8.4
21189,7.38
21193,7.29
21195,7.11
21197,7.5
21203,7.41
21205,7.41
21211,8.45
21213,8.75
21215,8.59
21219,8.77
21221,8.52
21223,8.6
21225,9.18
21229,8.36
21231,7.7
21233,9.09
21235,7.57
21237,7.14
23013,4.82
23023,5.4
23027,4.65
23029,4.1
24001,8.26
24003,9.62
24015,9.86
24017,8.45
24023,7.21
24033,9.22
24037,8.51
24510,10.23
25001,5.62
25003,6.03
25005,6.37
25007,6
25011,6.1
25013,6.67
25015,6.38
25019,5.26
25021,6.86
25023,6.11
26001,5.89
26003,4.53
26007,5.77
26009,5.42
26013,4.3
26015,8.22
26029,5.36
26037,8.19
26043,5.02
26045,8.43
26047,5.2
26049,8.6
26053,4.72
26061,4.31
26065,8.63
26067,8.06
26071,4.79
26081,8
26083,3.83
26087,8.2
26089,5.68
26093,8.75
26103,4.53
26109,5.53
26115,9.85
26117,7.44
26119,5.49
26125,9.23
26137,5.29
26141,5.45
26151,7.98
26155,8.39
27001,5.4
27003,7.54
27007,4.87
27009,6.41
27017,5.54
27021,5.16
27025,6.95
27029,5
27031,3.74
27035,5.56
27059,6.95
27061,4.91
27071,4.39
27075,4.26
27077,4.47
27095,6.08
27097,5.96
27115,6
27137,4.67
28003,8.02
28017,8.26
28025,8.36
28081,8.46
28087,8.57
28103,8.44
28115,8.13
28145,8.05
29001,7.19
29007,7.51
29009,7.31
29011,7.99
29013,7.54
29015,7.07
29017,8.52
29019,7.35
29025,7.3
29027,7.22
29029,6.94
29031,9.11
29033,7.46
29035,7.54
29039,7.44
29041,7.32
29043,6.98
29045,7.62
29051,7.21
29053,7.37
29055,7.12
29057,7.62
29059,6.94
29061,7.16
29063,7.3
29065,6.92
29067,6.79
29071,7.64
29073,7.19
29075,7.21
29077,7.34
29079,7.06
29081,6.95
29083,7.52
29085,7.02
29089,7.43
29091,7.02
29097,8.11
29099,8.16
29101,7.57
29103,7.43
29105,6.77
29107,7.69
29109,7.61
29111,7.72
29113,8
29115,7.19
29117,7.26
29119,7.69
29121,7.24
29123,7.83
29125,6.9
29127,7.73
29129,6.84
29131,6.88
29135,7.2
29137,7.55
29139,7.4
29141,6.98
29145,7.82
29149,7.44
29151,7.09
29153,6.96
29157,8.7
29159,7.41
29161,6.94
29163,7.87
29167,7.23
29169,6.83
29171,6.94
29173,7.77
29175,7.3
29177,7.54
29179,7.37
29181,8.17
29183,8.55
29185,7.33
29186,8.18
29187,7.74
29189,9.32
29195,7.53
29197,7.16
29199,7.42
29203,7.2
29205,7.43
29209,7.25
29211,7.05
29213,7.14
29215,6.78
29217,7.69
29219,7.63
29221,7.34
29223,8.08
29225,6.72
29227,6.99
29229,6.63
29510,10.02
30037,3.6
30065,3.63
30069,3.88
30097,3.58
30103,3.8
30107,3.86
31003,5.64
31007,4.15
31013,4.2
31019,5.54
31029,4.44
31033,4.19
31041,4.77
31045,4.33
31047,5.03
31049,4.28
31057,4.52
31079,5.78
31093,5.69
31101,4.41
31103,4.56
31105,4.07
31121,6.08
31123,4.39
31135,4.37
31157,4.58
31161,4.11
31163,5.53
31165,4.19
31175,5.13
32001,4.17
32007,3.71
32009,4.21
32013,3.93
32023,3.68
32029,4.64
32031,4.04
33001,5.66
33005,5.93
33007,4.68
33009,5.26
33011,6.23
33013,5.93
33015,6.38
33017,5.88
33019,5.64
34003,8.94
34005,8.48
34007,9.27
34011,8.94
34013,9.04
34015,9.25
34017,9.55
34023,8.86
34031,7.94
34033,9.51
34039,9.22
35003,3.78
35005,4.13
35006,3.63
35009,4.42
35011,3.98
35013,4.48
35015,4.54
35017,3.9
35019,3.75
35021,4.01
35023,4.19
35025,4.75
35027,3.74
35028,3.76
35029,4.29
35031,3.6
35035,4.22
35037,4.24
35041,4.4
35043,3.64
35045,3.51
35051,3.9
35053,3.74
35057,3.58
35059,4.15
35061,4
36019,5.63
36045,6.08
36049,5.67
36055,7.43
36057,6.49
36063,7.97
36065,6.37
36073,7.47
36075,6.37
36089,5.67
36091,6.3
36093,6.71
36117,7.12
37001,8.25
37003,7.96
37009,6.12
37011,6.14
37023,7.75
37027,7.74
37033,7.79
37035,8.45
37043,7.43
37045,8.4
37067,8.45
37069,7.9
37071,8.78
37075,7.09
37087,6.49
37097,8.35
37099,6.71
37109,8.41
37111,7.41
37113,7.01
37115,6.94
37149,8
37161,7.99
37169,7.79
37171,7.57
37173,6.83
37181,7.65
37183,8.59
37185,7.53
37193,7.46
37197,8.03
37199,6.27
39007,8.9
39009,8.41
39015,9.14
39025,9.7
39035,10.21
39039,10.11
39043,10.47
39051,9.91
39053,8.17
39055,8.67
39069,10.16
39071,9.13
39073,8.56
39079,8.29
39085,9.32
39087,8.03
39093,10.1
39095,10.63
39099,9.84
39103,9.61
39105,8.25
39111,8.46
39115,8.65
39121,8.63
39123,10.55
39125,10.38
39133,9.46
39137,10.38
39143,10.41
39145,8.22
39155,9.5
39163,8.36
39167,8.48
39171,9.77
39173,10.24
40001,7.72
40007,5.68
40021,7.96
40025,4.8
40041,8.02
40045,5.63
40097,8.38
40135,8.02
40139,5.45
41001,4.08
41007,2.76
41009,3.62
41013,3.63
41021,4.1
41023,3.65
41025,3.82
41027,3.72
41031,3.85
41035,3.51
41037,3.61
41045,4.01
41049,4.07
41051,5.14
41055,4.14
41059,4.14
41061,3.82
41065,3.97
41067,4.06
41069,3.57
41071,3.57
42021,7.83
42039,8.21
42047,7.31
42049,7.96
42051,8.83
42053,7.63
42059,8.84
42065,7.99
42073,9.61
42083,7.1
42085,8.98
42103,7.02
42105,7.01
42111,7.72
42123,7.35
42125,9.48
42127,6.94
44005,6.23
44007,6.6
45001,8.46
45007,8.67
45021,8.59
45059,8.46
45073,8.7
45077,8.57
45083,8.63
45091,8.69
46007,4.11
46019,4.23
46033,4.02
46041,4.68
46047,4.45
46053,4.81
46055,4.44
46063,3.89
46071,4.49
46075,4.72
46081,3.7
46093,4.21
46095,4.72
46103,4.1
46121,4.32
46123,4.71
46137,4.33
47005,8.44
47015,8
47019,6.73
47021,8.67
47023,8
47027,8.05
47029,7.65
47031,8.26
47039,8.16
47041,8.24
47043,8.42
47049,7.33
47065,9.09
47071,8.12
47077,8.11
47083,8.45
47091,6.3
47109,7.94
47115,8.44
47125,8.8
47133,7.78
47137,7.81
47139,8.44
47141,7.95
47147,8.8
47155,7.67
47161,8.5
47165,8.62
47171,6.63
47175,7.66
47177,8.16
47185,8.03
48011,5.51
48017,4.87
48043,5.95
48065,5.6
48069,5.13
48107,5.29
48109,4.76
48111,4.88
48117,4.93
48129,5.41
48153,5.22
48169,5.47
48179,5.55
48189,5.23
48195,5.76
48205,4.98
48211,5.72
48219,5.09
48229,4.78
48233,5.93
48243,4.68
48279,5.15
48295,5.77
48299,6.06
48303,5.27
48305,5.26
48319,5.9
48341,5.5
48357,5.7
48359,5.07
48369,4.92
48375,5.54
48377,5.35
48381,5.34
48389,5.23
48393,5.88
48421,5.38
48437,5.25
48443,6.77
49001,4.07
49003,4.64
49005,4.38
49009,3.71
49011,5.71
49015,3.8
49017,3.5
49021,4.08
49023,4.35
49025,3.69
49027,4.28
49029,4.3
49033,4.1
49035,5.92
49037,3.1
49043,4
49045,4.56
49049,5.05
49051,4.04
49053,4.11
49055,3.52
49057,4.9
50001,5.79
50003,5.66
50005,5.46
50009,5.15
50011,5.91
50015,5.43
50017,5.54
50019,5.48
50021,5.52
50023,5.44
50025,5.75
50027,5.56
51003,7.21
51009,6.98
51013,9.67
51019,7.13
51027,6.67
51035,6.33
51037,7.14
51047,7.64
51051,6.63
51061,7.84
51063,6.21
51067,7.15
51077,6.11
51079,7.03
51083,7.37
51107,8.69
51111,7.15
51113,7.15
51117,7.46
51125,6.92
51147,7.08
51153,8.45
51157,7.27
51195,6.34
51540,7.84
51640,6.41
51680,7.43
51683,8.93
51685,7.24
51720,6.21
53001,4.67
53003,4.54
53005,4.82
53013,4.11
53017,4.83
53021,4.95
53023,4.38
53037,3.95
53039,4.07
53041,3.68
53043,4.88
53045,3.55
53071,4.84
53075,4.82
53077,4.11
54001,7.61
54007,7.33
54011,7.84
54013,7.41
54015,7.21
54017,7.74
54019,6.38
54021,7.51
54033,7.97
54035,7.81
54041,7.53
54043,7.28
54049,8.32
54053,8.02
54067,6.47
54073,7.99
54079,7.77
54081,6.14
54083,6.32
54085,7.68
54087,7.39
54091,8.11
54093,6.57
54095,8.05
54097,7.12
54099,7.43
54101,6.42
54105,7.68
54107,8.26
55001,6.8
55003,5.08
55005,6.37
55007,5.11
55009,7.2
55013,6.23
55015,7.48
55017,6.51
55019,6.41
55021,7.62
55031,5.55
55033,6.92
55035,6.73
55037,5.04
55041,5.13
55051,4.93
55053,6.76
55057,6.9
55059,9.16
55061,6.63
55063,7.18
55069,5.71
55071,7.17
55075,5.72
55077,7.16
55079,9.31
55081,6.8
55083,6.23
55085,5.41
55087,7.21
55089,7.83
55095,6.6
55099,5.45
55101,8.86
55107,5.95
55111,7.29
55113,5.48
55117,7.49
55119,5.96
55121,7.01
55125,5
55129,5.88
55137,6.89
55139,7.55
56031,4.28
56045,4.29
1015,9.17
1027,8.82
1029,8.91
1033,8.48
1037,9.14
1059,8.28
1071,8.76
1077,8.61
1079,8.76
1083,8.98
1089,9.04
1103,8.99
1121,9.27
6083,5.38
6111,6.68
8001,4.85
8005,4.95
8009,4.74
8011,4.77
8013,4.61
8014,6.5
8015,3.44
8017,4.61
8019,3.37
8025,4.71
8027,3.25
8029,3.69
8031,6.75
8033,2.83
8035,4.67
8039,4.39
8041,4.44
8043,3.92
8045,3.19
8047,3.66
8049,3.54
8051,3.25
8055,3.76
8057,3.59
8059,5.26
8061,4.74
8063,4.52
8065,3.16
8067,3.21
8069,3.98
8071,4.15
8073,4.53
8075,4.3
8077,3.25
8081,3.64
8083,3.12
8085,3.38
8087,4.47
8089,4.67
8091,3.18
8093,3.41
8095,4.2
8097,3.2
8099,4.9
8101,4.59
8103,3.26
8113,3.09
8115,4.24
8117,3.2
8119,3.59
8121,4.31
8123,4.43
8125,4.35
9001,7.3
9007,6.59
9009,7.16
9011,6.41
13067,10.08
13089,10.07
13121,10.06
13135,9.77
16009,4.51
16013,3.83
16015,4.29
16017,4.85
16021,4.69
16023,4.21
16025,3.64
16033,4.05
16035,5.02
16037,3.74
16039,4.33
16043,4.37
16047,4.48
16049,4.75
16055,4.91
16057,4.59
16059,3.95
16079,4.42
16085,3.82
17001,7.96
17007,8.61
17009,8.06
17011,8.74
17013,8.21
17015,8.66
17017,8.46
17019,9.11
17029,9.36
17037,8.99
17039,8.75
17041,9.25
17045,9.63
17053,9.07
17057,8.58
17061,8.37
17063,9.42
17067,8.1
17071,8.42
17073,8.83
17075,9.49
17083,8.49
17085,8.38
17089,9.63
17093,9.54
17095,8.67
17099,8.95
17103,8.72
17105,9.07
17107,8.8
17109,8.28
17113,8.76
17115,8.98
17123,8.76
17125,8.57
17129,8.6
17131,8.82
17137,8.54
17139,9.14
17141,8.63
17143,8.82
17147,8.99
17149,8.09
17155,8.86
17161,9.06
17167,8.84
17169,8.24
17171,8.4
17175,8.71
17177,8.42
17179,8.71
17183,9.38
17187,8.53
17195,8.83
17201,8.68
17203,8.68
18001,10.32
18003,10.26
18005,10
18007,9.72
18009,10.45
18011,10.29
18015,10.59
18017,10.34
18019,9.07
18023,10.41
18031,9.72
18033,9.77
18035,10.4
18039,9.37
18041,9.89
18045,10
18049,9.91
18053,10.43
18057,10.48
18059,10.4
18061,8.75
18063,10.25
18065,10.26
18067,10.45
18069,10.33
18075,10.32
18079,9.46
18081,10.15
18085,9.63
18087,9.26
18093,9.1
18095,10.48
18097,11.03
18099,9.5
18103,10.27
18105,9.4
18107,10.11
18113,9.57
18117,8.76
18133,9.76
18135,10.23
18139,10.1
18141,9.48
18143,9.02
18145,10.26
18151,9.35
18157,10.33
18159,10.4
18161,10.04
18165,9.8
18169,10.25
18171,9.74
18175,8.64
18177,10.19
18179,10.32
18181,10.08
18183,9.97
19001,7.45
19003,7.39
19005,7.5
19007,7.13
19009,7.7
19011,8.58
19013,8.42
19015,7.33
19017,8.18
19019,8.44
19021,7.47
19023,8.09
19025,7.2
19027,7.62
19029,7.8
19031,9.02
19033,7.32
19035,7.86
19037,7.87
19039,6.97
19041,7.52
19043,7.89
19045,8.99
19047,7.92
19049,7.44
19051,7.44
19053,6.92
19055,8.38
19057,8.48
19059,7.45
19061,8.33
19063,7.21
19065,7.97
19067,7.75
19069,7.59
19071,7.86
19073,7.36
19075,8.13
19077,7.45
19079,7.35
19081,7.07
19083,7.81
19085,8.21
19087,8.25
19089,7.72
19091,7.01
19093,7.97
19095,8.54
19097,8.64
19099,7.9
19101,7.92
19103,8.94
19105,8.72
19107,8.22
19109,7.12
19111,8.04
19113,8.81
19115,8.64
19117,7.1
19119,7.61
19121,7.18
19123,8.02
19125,7.68
19127,8.06
19129,8.09
19131,7.69
19133,8.17
19135,7.43
19137,7.91
19139,9.03
19141,7.7
19143,7.6
19145,7.68
19147,7.23
19149,7.95
19151,7.19
19153,7.79
19155,8.21
19157,8.26
19159,6.95
19161,7.5
19163,9.1
19165,7.98
19167,7.74
19169,7.66
19171,8.38
19173,7.21
19175,7.07
19177,7.62
19179,7.78
19181,7.25
19183,8.55
19185,6.97
19187,7.12
19189,7.2
19191,7.58
19193,8.12
19195,7.33
19197,7.17
20005,7.07
20009,5.76
20013,7.05
20023,4.57
20027,6.15
20029,5.87
20039,4.98
20041,6.24
20045,7.32
20051,5.58
20053,5.8
20055,5.46
20057,5.58
20061,6.38
20063,5.32
20065,5.38
20067,5.24
20069,5.53
20071,4.78
20075,4.95
20081,5.43
20083,5.69
20085,6.72
20089,5.76
20091,7.89
20093,5.1
20095,6.58
20097,5.8
20101,5.34
20103,7.49
20105,5.81
20109,5.09
20113,6.19
20115,6.37
20117,6.53
20119,5.69
20123,5.79
20131,6.67
20135,5.55
20137,5.2
20141,5.72
20143,5.85
20145,5.7
20147,5.51
20149,6.48
20151,6.09
20153,4.74
20157,5.97
20159,5.94
20161,6.35
20163,5.56
20165,5.56
20167,5.74
20169,6.11
20171,5.19
20179,5.08
20181,4.69
20183,5.69
20187,4.97
20193,4.82
20195,5.42
20199,4.88
20201,6.25
20203,5.03
20209,8.16
21001,8.02
21003,8.2
21009,8.27
21017,8.13
21021,7.97
21029,8.87
21045,7.88
21049,7.99
21057,8.07
21067,8.34
21073,8.55
21087,8.21
21097,8.43
21099,8.24
21111,9.63
21113,8.16
21137,7.83
21155,8.2
21167,8.23
21169,7.9
21171,7.97
21179,8.64
21191,8.76
21199,7.89
21201,8.25
21207,8.07
21209,8.37
21217,8.16
21227,8.73
21239,8.5
23001,5.37
23003,4.1
23005,5.63
23007,4.56
23009,4.54
23011,5.11
23015,5.07
23017,4.89
23019,4.66
23021,4.37
23025,4.56
23031,5.66
24005,9.53
24009,8.68
24013,9.2
24021,9.11
24025,9.68
24027,9.33
24031,9.21
24043,8.89
25009,6.72
25017,7.08
25027,6.36
26023,9.03
26025,8.61
26027,8.81
26059,8.97
26075,8.78
26077,8.56
26091,9.55
26149,8.89
26161,9.2
27005,5.13
27011,6.16
27013,7.4
27015,7.27
27019,7.45
27023,6.72
27027,5.42
27033,7.18
27037,7.81
27039,7.49
27041,5.87
27043,7.33
27045,7.42
27047,7.41
27049,7.55
27051,5.88
27053,7.98
27055,7.28
27057,5.08
27063,7.35
27065,6.19
27067,6.68
27069,5.02
27073,6.54
27079,7.4
27081,6.53
27083,6.87
27085,7.11
27087,5.15
27089,4.94
27091,7.28
27093,6.86
27099,7.44
27101,7.04
27103,7.3
27105,7.28
27107,5.24
27109,7.48
27111,5.56
27113,5.07
27117,6.84
27119,5.23
27121,6.18
27123,8.32
27125,5.15
27127,7.08
27129,6.97
27131,7.47
27133,7.23
27135,4.75
27139,7.55
27141,6.91
27143,7.16
27145,6.32
27147,7.45
27149,6.13
27151,6.5
27153,5.75
27155,5.85
27157,7.35
27159,5.42
27161,7.39
27163,7.65
27165,7.31
27167,5.62
27169,7.28
27171,7.11
27173,6.8
29003,7.36
29005,7.59
29021,7.51
29037,7.64
29047,7.9
29049,7.48
29087,7.5
29093,7.38
29095,8.12
29147,7.38
29165,7.68
30001,3.61
30003,3.77
30005,3.8
30007,4.32
30009,3.57
30011,3.92
30013,4.04
30015,3.92
30017,3.91
30019,4.02
30021,3.96
30023,3.88
30025,3.85
30027,3.72
30029,4.62
30031,3.68
30033,3.81
30035,3.87
30039,4.56
30041,3.92
30043,3.74
30045,3.56
30047,5.73
30049,4.33
30051,3.79
30053,4.73
30055,3.99
30057,3.68
30059,3.51
30061,5.22
30063,5.44
30067,3.56
30071,3.94
30073,4.16
30075,3.96
30077,4.74
30079,3.87
30081,4.99
30083,4.15
30085,4.14
30087,3.86
30089,5.04
30091,4.33
30093,3.77
30095,3.55
30099,4.18
30101,3.91
30105,3.98
30109,3.93
30111,3.72
31001,5.78
31011,5.89
31015,4.94
31021,8.13
31023,7.08
31025,7.7
31027,6.71
31035,6.11
31037,7.3
31039,7.52
31043,7.92
31051,7.36
31053,7.86
31055,8.43
31059,6.51
31061,5.57
31063,4.82
31065,5.17
31067,6.82
31073,5.08
31077,5.52
31081,6.15
31083,5.42
31085,4.67
31087,4.82
31095,6.52
31097,7.03
31099,5.62
31107,5.78
31109,7.34
31119,6.43
31125,6.11
31127,7.4
31129,6.03
31131,7.41
31133,6.81
31137,5.49
31139,6.2
31141,6.78
31143,6.67
31145,5
31147,7.26
31151,6.76
31153,8.11
31155,7.74
31159,6.99
31167,7.03
31169,6.3
31173,7.9
31177,8.17
31179,7
31181,5.74
31185,6.56
32005,5.17
32011,3.63
32015,3.6
32017,3.9
32019,5.03
32021,4.47
32027,3.86
32033,3.62
32510,5.26
33003,5.26
34019,8.28
34021,8.81
34025,8.51
34027,7.79
34035,8.73
34037,7.28
34041,7.93
35001,4.11
35007,3.81
35033,3.72
35039,3.51
35047,3.73
35049,3.79
35055,3.65
36001,6.61
36003,6.97
36007,6.9
36009,7.03
36011,7.06
36013,7.36
36015,7.22
36017,6.5
36021,6.52
36023,6.58
36025,6.5
36027,6.99
36029,7.71
36037,7.52
36039,6.36
36051,7.31
36053,6.46
36067,6.9
36069,7.16
36071,7.31
36077,6.34
36079,6.97
36083,6.23
36095,6.14
36097,6.99
36099,7.41
36101,7.01
36105,6.76
36107,7.12
36109,7.02
36111,6.8
36115,6.05
36121,7
36123,7.18
37005,6.34
37021,7.17
37039,7.88
37089,7.22
37121,6.46
37157,7.96
37175,6.87
37189,6.21
38001,3.92
38003,4.7
38005,4.44
38007,4.09
38009,4.57
38011,3.87
38013,4.58
38015,4.36
38017,5.16
38019,4.63
38021,4.85
38023,4.51
38025,4.3
38027,4.37
38029,4.47
38031,4.34
38033,3.99
38035,4.87
38037,4.22
38039,4.61
38041,3.97
38043,4.29
38045,4.69
38047,4.34
38049,4.48
38051,4.57
38053,4.29
38055,4.5
38057,4.45
38059,4.29
38061,4.55
38063,4.54
38065,4.38
38067,4.97
38069,4.45
38071,4.64
38073,4.99
38075,4.6
38077,5.44
38079,4.42
38081,5.24
38083,4.35
38085,4.43
38087,3.9
38089,4.07
38091,4.75
38093,4.37
38095,4.62
38097,5.11
38099,4.76
38101,4.48
38103,4.3
38105,4.42
39001,8.39
39003,10.49
39005,9.66
39011,10.57
39013,9.03
39017,10.78
39019,9.43
39021,10.25
39023,10.26
39027,9.88
39029,9.58
39031,9.65
39033,10.1
39037,10.33
39041,10.33
39045,9.39
39047,9.94
39049,10.68
39057,10.18
39059,9.19
39061,10.66
39063,10.28
39065,10.3
39067,9.31
39075,9.63
39077,10.17
39081,9.56
39083,9.61
39089,9.66
39091,10.21
39097,10.33
39101,10.28
39107,10.5
39109,10.48
39113,10.69
39117,9.84
39119,9.25
39127,8.91
39129,9.93
39131,8.52
39135,10.22
39139,9.65
39141,9.07
39147,10.25
39149,10.37
39151,9.89
39153,9.74
39157,9.59
39159,10.46
39161,10.49
39165,10.44
39169,9.9
39175,10.36
42001,9.25
42003,10.22
42005,9.16
42007,9.88
42009,8.13
42011,9.43
42013,8.12
42015,7.31
42017,8.87
42019,9.26
42023,7.33
42025,7.8
42027,7.77
42029,9.66
42031,8.37
42033,7.73
42035,7.56
42037,8.18
42041,9.31
42043,9.4
42045,9.91
42055,8.8
42057,8.29
42061,8.39
42063,8.81
42067,8.73
42069,7.39
42071,9.99
42075,9.7
42077,9.2
42079,7.71
42081,7.71
42087,8.44
42089,7.5
42091,9.54
42093,8.85
42095,8.84
42097,8.75
42099,8.94
42107,8.31
42109,8.67
42113,7.11
42115,7.08
42117,7.12
42119,8.39
42121,8.25
42129,9.5
42131,7.33
42133,9.77
44003,6.41
44009,6.32
45045,8.57
46003,5.4
46005,5.79
46009,5.78
46011,6.34
46013,5.43
46015,5.06
46017,5.07
46021,4.78
46023,5.27
46025,5.72
46027,6.92
46029,5.81
46031,4.43
46035,5.91
46037,5.57
46039,6.08
46043,5.51
46045,5
46049,5.14
46051,5.87
46057,6.11
46059,5.24
46061,6.28
46065,4.86
46067,6.13
46069,4.88
46073,5.33
46077,6.03
46079,6.31
46083,7.18
46085,4.9
46087,6.52
46089,4.82
46091,5.3
46097,6.24
46099,7
46101,6.66
46105,3.92
46107,4.76
46109,5.69
46111,6
46115,5.67
46117,4.8
46119,4.82
46125,6.69
46127,7.48
46129,4.77
46135,6.53
47001,8.13
47003,8.36
47009,8.23
47011,9.3
47025,7.44
47037,9.23
47055,8.45
47057,8.04
47059,7.75
47063,8.29
47067,7.32
47073,7.86
47081,8.35
47085,8.49
47087,8.07
47089,8.42
47093,8.82
47099,8.33
47101,8.16
47103,8.52
47105,8.96
47107,8.94
47111,7.93
47113,8.36
47117,8.39
47121,8.93
47123,8.22
47127,8.37
47135,8.22
47145,8.85
47149,8.57
47159,8.21
47163,7.61
47169,8.33
47173,8.04
47179,7.66
47181,8.13
47187,8.54
47189,8.52
49007,3.75
49013,3.94
49019,3.26
49031,3.91
49039,4
49041,3.77
49047,3.76
51005,6.47
51007,7.18
51011,7
51015,6.71
51017,6.45
51021,6.14
51023,6.66
51025,7.28
51029,7.09
51031,7.09
51041,7.76
51043,8.12
51045,6.34
51049,7.17
51053,7.3
51059,8.97
51065,7.28
51069,7.95
51071,6.32
51075,7.39
51089,7.53
51091,6.18
51105,7.01
51109,7.32
51121,6.57
51135,7.15
51137,7.4
51139,7
51141,7.05
51143,7.36
51145,7.35
51155,6.71
51161,6.75
51163,6.64
51165,7.08
51167,6.62
51169,7.21
51171,7.35
51173,6.42
51177,7.62
51179,8.14
51185,6.09
51187,7.52
51191,6.92
51197,6.51
51520,7.49
51530,7.02
51580,6.93
51590,8.04
51600,8.94
51610,7.53
51620,7.68
51630,8.46
51660,7.72
51678,7.88
51690,7.84
51750,7.12
51770,7.67
51775,7.54
51790,7.27
51820,7.14
51840,8.4
53011,4.86
53019,4.71
53025,5.02
53031,2.68
53047,4.38
53051,4.76
53059,3.67
53063,5.18
53065,5.08
54003,8.64
54009,9.73
54023,7.19
54025,6.17
54027,7.68
54029,9.8
54031,7.09
54037,8.7
54051,8.66
54055,6.16
54057,8.11
54061,8.48
54063,6.37
54065,8.29
54069,9.36
54071,6.52
54075,5.94
54077,7.49
54089,6.48
54103,8.12
55011,7
55023,7.41
55025,7.93
55027,7.84
55029,6.12
55039,7.57
55043,7.79
55045,8.12
55047,7.38
55049,7.54
55055,8.17
55065,8.11
55067,5.59
55073,6.24
55078,6.02
55091,7.09
55093,7.29
55097,6.52
55103,7.21
55105,8.31
55109,7.16
55115,6.43
55123,7.08
55127,8.44
55131,7.78
55133,8.48
55135,6.74
55141,6.67
56001,3.69
56003,3.84
56005,3.95
56007,3.76
56009,4.07
56011,3.96
56013,3.63
56015,4.32
56017,3.43
56019,3.98
56021,3.89
56023,3.76
56025,3.79
56027,4.25
56029,3.54
56033,3.83
56035,3.67
56037,3.85
56039,3.7
56041,4.16
56043,3.92
