FIPS,POVERTY_RATE
1001,13.5
1003,11.7
1005,29.9
1007,20.1
1009,14.1
1011,32.6
1013,24.8
1015,17.1
1017,19.9
1019,16.8
1021,18.3
1023,22.7
1025,29
1027,18.9
1029,17.2
1031,14.4
1033,16.7
1035,28.1
1037,17.5
1039,19.6
1041,20.5
1043,14.9
1045,20.6
1047,35.4
1049,20.5
1051,13.5
1053,23.3
1055,17.5
1057,20.3
1059,20.1
1061,20.9
1063,34
1065,23.7
1067,18.7
1069,19.4
1071,17.5
1073,15.3
1075,18.6
1077,15.2
1079,16.8
1081,18.3
1083,12.8
1085,31.7
1087,30
1089,13.5
1091,25.8
1093,18.5
1095,21
1097,19.5
1099,25.7
1101,18.8
1103,15.8
1105,35
1107,25.8
1109,25.1
1111,21.8
1113,19.3
1115,12
1117,7.9
1119,32.4
1121,18
1123,20.2
1125,17.6
1127,20.5
1129,18.2
1131,31.9
1133,17.3
4001,33.2
4003,21.1
4005,17.8
4007,20.3
4009,22.9
4011,12
4012,24.8
4013,15
4015,18.3
4017,28.2
4019,18.2
4021,15.4
4023,20.9
4025,13.3
4027,19.3
5001,18.1
5003,17.9
5005,12.7
5007,9.1
5009,15.4
5011,23.5
5013,17.1
5015,17.2
5017,30.1
5019,22.3
5021,19.1
5023,16.3
5025,15.8
5027,24.2
5029,18.9
5031,16.2
5033,16.8
5035,25.5
5037,19.4
5039,20.8
5041,26.5
5043,19.2
5045,16
5047,17.9
5049,23.2
5051,17.8
5053,11.5
5055,15.3
5057,20.7
5059,14.7
5061,18.7
5063,15.9
5065,20.1
5067,24.1
5069,23.3
5071,18.4
5073,27.4
5075,20
5077,35.9
5079,27.6
5081,17.5
5083,18.2
5085,12.4
5087,18.3
5089,20.7
5091,22.4
5093,24.6
5095,27
5097,22.4
5099,20.4
5101,19.9
5103,24.7
5105,16.9
5107,32.3
5109,18.2
5111,22.7
5113,23.4
5115,17.5
5117,17.8
5119,17.2
5121,18.9
5123,31.6
5125,8.7
5127,19.7
5129,23.1
5131,16.9
5133,20.8
5135,21.3
5137,21.8
5139,19.3
5141,16.7
5143,15.8
5145,15.7
5147,26.3
5149,18
6001,10.7
6003,18.6
6005,11.3
6007,19.5
6009,13.1
6011,11.1
6013,8.7
6015,23.7
6017,8.7
6019,25.5
6021,16.7
6023,20
6025,23.6
6027,12.3
6029,22.4
6031,17.4
6033,20.7
6035,17.6
6037,16.3
6039,20.4
6041,7.8
6043,17.9
6045,19
6047,20.3
6049,18.4
6051,11.5
6053,12.9
6055,7.9
6057,10.9
6059,11.1
6061,7.2
6063,12.6
6065,15.3
6067,16.3
6069,10.5
6071,17.6
6073,12.4
6075,10.2
6077,14.6
6079,11
6081,6.6
6083,13.9
6085,9.3
6087,13.4
6089,17.2
6091,14.4
6093,18.8
6095,11.4
6097,9.4
6099,14.5
6101,17.1
6103,20.9
6105,21.3
6107,24.7
6109,15.4
6111,9.8
6113,19
6115,16.6
8001,11.7
8003,24.8
8005,9
8007,12
8009,20.2
8011,34.1
8013,10.8
8014,5.3
8015,11.4
8017,14
8019,8.1
8021,22.7
8023,30.4
8025,48
8027,13.6
8029,17.8
8031,14
8033,13.2
8035,3.4
8037,7.9
8039,6
8041,11.5
8043,17.5
8045,9.1
8047,7.5
8049,8.2
8051,13.8
8053,10
8055,21.9
8057,14.1
8059,7
8061,13.9
8063,14.3
8065,14.6
8067,10.9
8069,11.2
8071,21.6
8073,18.1
8075,16.4
8077,15
8079,9.3
8081,12.9
8083,15.1
8085,16.4
8087,11.7
8089,23.6
8091,8.8
8093,9.2
8095,11.5
8097,6.9
8099,20.9
8101,19.9
8103,9.5
8105,17.5
8107,7.2
8109,27.6
8111,15.5
8113,10.1
8115,14.8
8117,7.9
8119,9.5
8121,14.3
8123,11.5
8125,12.3
9001,8.6
9003,10.9
9005,7.2
9007,7.9
9009,11.4
9011,9.3
9013,7.2
9015,11.9
10001,13.6
10003,11.3
10005,11.6
11001,18.5
12001,22.3
12003,17.2
12005,14.9
12007,18.6
12009,14.7
12011,13.5
12013,21.9
12015,12.6
12017,16.6
12019,9.6
12021,11.4
12023,17.8
12027,28.6
12029,25.4
12031,14.5
12033,15.2
12035,11.2
12037,23.1
12039,20.6
12041,17.3
12043,21.5
12045,23.5
12047,28.9
12049,23.8
12051,25.1
12053,15.4
12055,19.1
12057,15
12059,24.2
12061,12.3
12063,22.6
12065,18.9
12067,23.3
12069,11.8
12071,12.8
12073,19
12075,21.4
12077,23.6
12079,31.9
12081,12.7
12083,17.4
12085,11.3
12086,18.2
12087,11.5
12089,10.3
12091,10.7
12093,20.2
12095,16.3
12097,14.8
12099,12.6
12101,13.3
12103,13.3
12105,16.4
12107,21.5
12109,7.7
12111,17
12113,10.6
12115,10.8
12117,11.4
12119,10.5
12121,20.4
12123,22.5
12125,24.7
12127,14.2
12129,13.1
12131,13.1
12133,22.8
13001,19.7
13003,26.4
13005,22.9
13007,27.8
13009,26
13011,15.5
13013,12.9
13015,15.1
13017,26.4
13019,22.3
13021,26.3
13023,21.7
13025,20.8
13027,24.9
13029,9.6
13031,24
13033,26.7
13035,17
13037,33
13039,15
13043,25
13045,14.9
13047,12.9
13049,27.2
13051,16.6
13053,21.5
13055,20.1
13057,7.5
13059,27.9
13061,35.2
13063,20.8
13065,26
13067,10
13069,23
13071,25
13073,7.2
13075,25.1
13077,9.9
13079,19.3
13081,30.3
13083,15.6
13085,10.2
13087,29.9
13089,17.5
13091,25.2
13093,28.5
13095,30.5
13097,12.9
13099,31.4
13101,23.2
13103,10.3
13105,22.3
13107,27.4
13109,24.4
13111,14.1
13113,6
13115,15.8
13117,5.7
13119,21.4
13121,16
13123,15.2
13125,18.5
13127,19.1
13129,16.1
13131,21
13133,18.2
13135,11.3
13137,15.6
13139,13.7
13141,33.5
13143,18.5
13145,8.7
13147,17.3
13149,19.7
13151,9.6
13153,14.9
13155,23.6
13157,12.7
13159,16.9
13161,23.9
13163,25.2
13165,34.2
13167,29.4
13169,12.3
13171,18.2
13173,22.8
13175,25.6
13177,11.2
13179,15.3
13181,19.1
13183,18.6
13185,22.1
13187,16.2
13189,22.8
13191,20.6
13193,32.1
13195,14.9
13197,23.4
13199,21.2
13201,23.1
13205,29.9
13207,12.2
13209,22.7
13211,13.1
13213,18.1
13215,21.5
13217,17.5
13219,6.8
13221,15.4
13223,8.6
13225,21.4
13227,11.3
13229,17.3
13231,11.7
13233,18.6
13235,25
13237,18.4
13239,27.1
13241,17.1
13243,30.5
13245,25.6
13247,14.7
13249,18.5
13251,27.6
13253,23.4
13255,22.4
13257,20.8
13259,39.2
13261,28.9
13263,23.5
13265,28.8
13267,29.8
13269,24.7
13271,30.8
13273,31.1
13275,21.1
13277,22.1
13279,23.4
13281,15.1
13283,27.1
13285,20.3
13287,30.4
13289,23.5
13291,15.4
13293,19.8
13295,18.6
13297,12.8
13299,25.5
13301,28.2
13303,26.9
13305,22.2
13307,20.8
13309,39.1
13311,14.3
13313,16.1
13315,31
13317,22.9
13319,20.9
13321,21.1
16001,10.8
16003,15
16005,16.8
16007,13.9
16009,18
16011,13.8
16013,9.8
16015,13.6
16017,15.4
16019,11.7
16021,17
16023,18.2
16025,9.9
16027,15.1
16029,11.3
16031,14.2
16033,16.4
16035,15.8
16037,15.7
16039,13.9
16041,9.3
16043,16.5
16045,17.9
16047,13.8
16049,16.2
16051,10.4
16053,16
16055,14.5
16057,17.6
16059,17.7
16061,16
16063,12.8
16065,24.1
16067,15.8
16069,14.9
16071,13.1
16073,17.3
16075,15.9
16077,15.7
16079,18.9
16081,9.7
16083,14.5
16085,9.6
16087,15.1
17001,12.8
17003,29
17005,13.6
17007,9.6
17009,16.7
17011,11.5
17013,12.2
17015,12.6
17017,13.7
17019,18.9
17021,12.7
17023,12
17025,16
17027,9.3
17029,19.3
17031,15
17033,14.4
17035,12.4
17037,15.8
17039,10.6
17041,9.8
17043,7
17045,13.6
17047,11.1
17049,10.9
17051,15.2
17053,11.2
17055,21.5
17057,14.7
17059,20.5
17061,15.1
17063,7.9
17065,14.4
17067,12
17069,21.9
17071,11.7
17073,11.5
17075,13.3
17077,23.4
17079,10.7
17081,15.8
17083,11.2
17085,9.9
17087,14.4
17089,10.5
17091,14.2
17093,4.6
17095,17.1
17097,8.7
17099,13.3
17101,18.6
17103,13.3
17105,14.3
17107,13.7
17109,20.2
17111,7.3
17113,12.6
17115,17.3
17117,13.3
17119,13.3
17121,15.8
17123,9.8
17125,15.1
17127,20.6
17129,9.7
17131,10.2
17133,4.8
17135,16
17137,15.7
17139,10
17141,10.2
17143,15.2
17145,15.6
17147,6.8
17149,16.4
17151,18.2
17153,21.1
17155,8
17157,13.7
17159,14.4
17161,15.6
17163,15.4
17165,20.4
17167,13.8
17169,12.1
17171,11.5
17173,11.7
17175,11.5
17177,15.4
17179,8.8
17181,17.4
17183,20.2
17185,13.5
17187,13.6
17189,9.3
17191,13.9
17193,16.2
17195,11.9
17197,7.2
17199,15.9
17201,15.6
17203,6.6
18001,15.2
18003,15
18005,11.7
18007,11.5
18009,12.8
18011,7
18013,10.9
18015,10.3
18017,12.5
18019,10.5
18021,14.2
18023,13.7
18025,17.2
18027,14.2
18029,8.2
18031,11.5
18033,9
18035,21.6
18037,6.6
18039,13.2
18041,17.8
18043,10.3
18045,13.2
18047,10.7
18049,12.5
18051,10.8
18053,20.3
18055,16.1
18057,4.8
18059,7.3
18061,10.2
18063,5.8
18065,16.2
18067,14.8
18069,11.1
18071,13.1
18073,9.4
18075,13.9
18077,13.4
18079,12.7
18081,7.6
18083,17
18085,10.4
18087,10
18089,16.6
18091,15.7
18093,13.7
18095,17.5
18097,18.9
18099,12
18101,12.4
18103,15.7
18105,23.8
18107,11.3
18109,10.5
18111,12.2
18113,11.4
18115,10.1
18117,16.3
18119,13.8
18121,16.3
18123,14.9
18125,11.4
18127,7.8
18129,8.7
18131,11.5
18133,12.6
18135,15.4
18137,12.2
18139,13.9
18141,16.2
18143,15.8
18145,12.3
18147,9.1
18149,16.1
18151,10.7
18153,14.2
18155,17.2
18157,17.6
18159,8.5
18161,12.8
18163,17.4
18165,13.3
18167,17.8
18169,11.5
18171,9.1
18173,7.5
18175,14.3
18177,17
18179,9.7
18181,10.9
18183,9
19001,10.7
19003,12.3
19005,13.2
19007,18.7
19009,11.1
19011,7.8
19013,16.1
19015,9.2
19017,6.7
19019,10.1
19021,12.1
19023,9.8
19025,12.4
19027,8.8
19029,12.8
19031,6.6
19033,11.7
19035,10.9
19037,10.9
19039,11.6
19041,9.1
19043,9.9
19045,13.5
19047,14.1
19049,4.9
19051,12.9
19053,20
19055,9.5
19057,16.1
19059,7.8
19061,10.5
19063,10.9
19065,12.8
19067,12.9
19069,11.6
19071,11.6
19073,11.2
19075,6.3
19077,9.9
19079,9.3
19081,8.8
19083,11
19085,10.9
19087,12.4
19089,9.8
19091,10
19093,10.2
19095,7.2
19097,13
19099,10.1
19101,14
19103,17
19105,10.5
19107,12
19109,11.4
19111,14
19113,10
19115,11.4
19117,14.9
19119,7.3
19121,7.8
19123,12.3
19125,8.5
19127,12.2
19129,8.8
19131,10.1
19133,12.8
19135,12.5
19137,12.9
19139,10.8
19141,10.1
19143,10.5
19145,14.7
19147,10.3
19149,8.4
19151,11.8
19153,10.9
19155,10.3
19157,11
19159,14.3
19161,11.6
19163,13.4
19165,9
19167,7.3
19169,19.2
19171,12.1
19173,12.3
19175,13.2
19177,14.5
19179,16.6
19181,6.8
19183,9.9
19185,17.9
19187,14.3
19189,10.5
19191,9.4
19193,13.3
19195,8.9
19197,12.6
20001,15.5
20003,12.9
20005,15.8
20007,12
20009,13.9
20011,17.4
20013,13.3
20015,8.9
20017,11.4
20019,17.5
20021,15.8
20023,11.2
20025,11.5
20027,10.3
20029,13.2
20031,10.4
20033,11.7
20035,14
20037,22.3
20039,14.8
20041,11.1
20043,13.7
20045,15.8
20047,11.2
20049,17.9
20051,12.4
20053,10.2
20055,14.3
20057,13.4
20059,11.9
20061,11.6
20063,10.4
20065,12.3
20067,12
20069,8.2
20071,11.7
20073,14.8
20075,13.5
20077,14.6
20079,10.5
20081,10.1
20083,9.9
20085,8.9
20087,9.5
20089,12.7
20091,5.6
20093,11.6
20095,10.7
20097,13
20099,20.8
20101,10.1
20103,8.8
20105,12.4
20107,16.6
20109,9.9
20111,16.3
20113,9.7
20115,11.2
20117,10.3
20119,10.9
20121,8.2
20123,11.9
20125,18.9
20127,11.8
20129,12.4
20131,9.3
20133,16.4
20135,11.3
20137,13.7
20139,10.9
20141,14.2
20143,10.7
20145,14.7
20147,12.6
20149,8.2
20151,11.4
20153,12.4
20155,14.7
20157,11.4
20159,12.8
20161,18.2
20163,11.9
20165,12
20167,14.5
20169,12
20171,7.5
20173,14.9
20175,13.6
20177,10.9
20179,11.5
20181,14.4
20183,14.2
20185,13.3
20187,10.9
20189,10
20191,13.5
20193,10.5
20195,11
20197,8.1
20199,12.1
20201,10.8
20203,11.7
20205,16.4
20207,18.4
20209,19.4
21001,26.1
21003,18.6
21005,10.6
21007,16.2
21009,21.8
21011,24.9
21013,38.7
21015,7.6
21017,17.6
21019,18.2
21021,17.1
21023,16.7
21025,34.3
21027,17.3
21029,10.4
21031,17.8
21033,20.4
21035,21.2
21037,12.5
21039,14.5
21041,20.8
21043,22.6
21045,27.8
21047,20.8
21049,15.9
21051,42.1
21053,25.3
21055,18.6
21057,25.3
21059,16.4
21061,22.3
21063,30.7
21065,27.3
21067,17.9
21069,21.2
21071,30.4
21073,13.7
21075,30
21077,14.5
21079,16.3
21081,15.6
21083,20.7
21085,22.1
21087,20.4
21089,17.4
21091,12.6
21093,13.8
21095,37.1
21097,15.3
21099,21.8
21101,17.1
21103,18.5
21105,20.1
21107,18.3
21109,31.9
21111,14.9
21113,15.9
21115,25.9
21117,12.6
21119,38.2
21121,39.2
21123,16.9
21125,23.2
21127,27.1
21129,39
21131,31.8
21133,31.6
21135,26.8
21137,22.9
21139,14.5
21141,17.5
21143,16.4
21145,18.7
21147,39.3
21149,17.3
21151,21.3
21153,31.9
21155,20.1
21157,12.1
21159,39.3
21161,19.4
21163,13.4
21165,24.1
21167,14.5
21169,22.7
21171,23.2
21173,17.9
21175,27.2
21177,19.6
21179,11.6
21181,19.8
21183,20.3
21185,5.9
21187,18.2
21189,45.2
21191,14.4
21193,30.9
21195,31.4
21197,26.5
21199,18.9
21201,24.6
21203,24.2
21205,25.4
21207,25
21209,10.4
21211,11.5
21213,15.1
21215,8.8
21217,21.3
21219,20.4
21221,14.5
21223,14.8
21225,18.6
21227,18.5
21229,15.7
21231,26.9
21233,17.9
21235,29.3
21237,32.2
21239,12.1
22001,23.1
22003,21.4
22005,10.7
22007,21.2
22009,25.9
22011,14.8
22013,23.5
22015,16.7
22017,26.4
22019,19.9
22021,22.6
22023,12.3
22025,27.5
22027,34.9
22029,28.5
22031,21.1
22033,19.9
22035,43.5
22037,20
22039,29.4
22041,29.2
22043,21.5
22045,23.4
22047,22.8
22049,21.2
22051,16.1
22053,19.3
22055,18.1
22057,17.1
22059,19.3
22061,30.2
22063,12.6
22065,41.3
22067,28.7
22069,31.9
22071,24.1
22073,24.5
22075,15.4
22077,19.7
22079,19.9
22081,26.3
22083,27.2
22085,18.5
22087,23.5
22089,13.1
22091,24.7
22093,19
22095,18.5
22097,26.6
22099,18.5
22101,22.2
22103,9.8
22105,21.5
22107,31.6
22109,21.1
22111,20.2
22113,19.6
22115,14.9
22117,27.8
22119,24.1
22121,16.8
22123,23.8
22125,23.7
22127,24.3
23001,12.7
23003,16.3
23005,10
23007,14.3
23009,11
23011,14.1
23013,11.4
23015,11.3
23017,13.4
23019,14.8
23021,18.9
23023,9.3
23025,19.5
23027,14.3
23029,18.4
23031,8.1
24001,17.2
24003,7
24005,9
24009,5.8
24011,15.3
24013,5.5
24015,10
24017,7.4
24019,17.4
24021,6.9
24023,12.8
24025,7.2
24027,5.2
24029,14
24031,6.9
24033,9.2
24035,7.3
24037,9.1
24039,24.3
24041,10.4
24043,13.2
24045,18
24047,11.4
24510,21.8
25001,7.6
25003,10.9
25005,10.7
25007,7.6
25009,10.7
25011,10
25013,16.5
25015,11.9
25017,7.7
25019,6.4
25021,6.1
25023,8
25025,19.5
25027,9.6
26001,16.2
26003,13.9
26005,9
26007,15.5
26009,11.7
26011,16.5
26013,16.5
26015,8.4
26017,15.2
26019,10.8
26021,16.7
26023,16.8
26025,16.8
26027,12.9
26029,11.5
26031,18
26033,16
26035,21.7
26037,8.4
26039,21.4
26041,14.3
26043,12.8
26045,11.2
26047,11.8
26049,20.3
26051,18
26053,20.4
26055,10
26057,18.8
26059,14.5
26061,20.2
26063,14.2
26065,20.1
26067,14.5
26069,18.2
26071,15.4
26073,23.4
26075,13.6
26077,16.6
26079,15.3
26081,12.1
26083,12.3
26085,21.9
26087,10.8
26089,8.1
26091,12.5
26093,5.8
26095,20.9
26097,13.7
26099,11
26101,14.2
26103,15.1
26105,15.3
26107,20.7
26109,13
26111,9.5
26113,14.7
26115,10
26117,15.6
26119,17
26121,18.8
26123,17.2
26125,8.7
26127,18
26129,17.3
26131,15.8
26133,19.1
26135,18.6
26137,14
26139,9
26141,14.7
26143,17.7
26145,17.8
26147,13.8
26149,14.9
26151,15.5
26153,14.8
26155,12
26157,13.6
26159,16.5
26161,14.6
26163,22.9
26165,17.8
27001,13.1
27003,6.8
27005,12.7
27007,18.3
27009,8.5
27011,11.9
27013,15
27015,8.2
27017,10.2
27019,4.3
27021,15.5
27023,8.9
27025,6.7
27027,12
27029,16.5
27031,10.1
27033,12
27035,11
27037,5.6
27039,7.7
27041,8.6
27043,11.7
27045,12.3
27047,11
27049,7.7
27051,12
27053,10.9
27055,8.5
27057,13.1
27059,7.7
27061,13.3
27063,8.7
27065,13.2
27067,11.5
27069,11
27071,14.3
27073,9.7
27075,9.1
27077,10.9
27079,8.4
27081,12.7
27083,12.8
27085,7.4
27087,17.5
27089,9.8
27091,12.1
27093,7.1
27095,12.1
27097,11.9
27099,13.2
27101,9.3
27103,8
27105,11.6
27107,12.1
27109,8.6
27111,10.5
27113,9.8
27115,12.2
27117,10.9
27119,14.5
27121,9.1
27123,13.9
27125,9.8
27127,9.1
27129,9.9
27131,9.7
27133,9.4
27135,7.8
27137,14.7
27139,5.5
27141,6.3
27143,9.1
27145,11.7
27147,9.1
27149,11.1
27151,10.2
27153,12.5
27155,12.7
27157,7.6
27159,14.6
27161,9.3
27163,4.5
27165,11.3
27167,8.9
27169,11.5
27171,5.3
27173,9.9
28001,31.4
28003,16.9
28005,24
28007,23.8
28009,25.3
28011,35.3
28013,21.9
28015,17.4
28017,22.2
28019,23.1
28021,38.2
28023,20.9
28025,23.9
28027,41.2
28029,27.1
28031,23.5
28033,10.2
28035,25.4
28037,20.2
28039,16.1
28041,24.1
28043,22.5
28045,17.2
28047,20.5
28049,20.8
28051,42.5
28053,38.9
28055,40.5
28057,18.1
28059,17.6
28061,22.7
28063,33.7
28065,26.9
28067,20.5
28069,28.3
28071,20.7
28073,12.6
28075,23.7
28077,19.7
28079,24.9
28081,17
28083,35.6
28085,20
28087,21.2
28089,12
28091,27
28093,23
28095,19.4
28097,24.2
28099,22.5
28101,21.7
28103,31.6
28105,28.3
28107,22.7
28109,18.6
28111,21.4
28113,30.1
28115,18.4
28117,24.2
28119,34.3
28121,9.5
28123,22.6
28125,35
28127,23.1
28129,18.9
28131,20.3
28133,35.1
28135,37.2
28137,17.2
28139,24.8
28141,17.6
28143,31.3
28145,13.1
28147,24.1
28149,24.1
28151,34.2
28153,25.3
28155,20.7
28157,35.1
28159,23
28161,22.9
28163,34.8
29001,23.8
29003,9.7
29005,12.8
29007,17
29009,21.4
29011,16.1
29013,13.8
29015,17.9
29017,17.4
29019,16.6
29021,17.8
29023,22
29025,12.7
29027,11.6
29029,16.8
29031,15.2
29033,16.6
29035,21.2
29037,8.7
29039,19.8
29041,13.3
29043,10.7
29045,15.5
29047,8.4
29049,10.4
29051,10.9
29053,14.7
29055,18.6
29057,17.5
29059,18.6
29061,16.9
29063,15.7
29065,19.8
29067,19.8
29069,27.2
29071,10.7
29073,12.1
29075,14.6
29077,16.5
29079,17.1
29081,18.1
29083,20.7
29085,19.3
29087,14.1
29089,15.9
29091,20.5
29093,22.4
29095,15.5
29097,17.5
29099,10.1
29101,14.4
29103,18.9
29105,15.7
29107,12.7
29109,14.9
29111,16.9
29113,11.2
29115,16.1
29117,17.6
29119,21.4
29121,16.3
29123,18
29125,15.2
29127,14.5
29129,13.6
29131,16.3
29133,28.4
29135,11.6
29137,15.4
29139,15.6
29141,19.6
29143,25
29145,14.3
29147,17
29149,24.9
29151,8.6
29153,25.3
29155,30.9
29157,10.3
29159,15.2
29161,19.6
29163,18
29165,6.1
29167,16.8
29169,14.2
29171,17.5
29173,10.9
29175,16.1
29177,11
29179,22.1
29181,27.7
29183,5.2
29185,20.7
29186,11.7
29187,16.3
29189,9.2
29195,15.9
29197,19.8
29199,16.1
29201,18.4
29203,26.4
29205,16.6
29207,19.1
29209,12.9
29211,17
29213,17
29215,29.9
29217,17.5
29219,11.8
29221,22
29223,26
29225,16.7
29227,14.2
29229,24.2
29510,24.3
30001,14.4
30003,25.5
30005,24.3
30007,10.6
30009,10.3
30011,13.8
30013,14.2
30015,15.7
30017,11.4
30019,10.3
30021,11.2
30023,18.6
30025,8.5
30027,14.6
30029,12.3
30031,11.4
30033,13.8
30035,28.3
30037,18.3
30039,13.1
30041,19.5
30043,8.8
30045,13.4
30047,19.2
30049,10.4
30051,20.2
30053,18.7
30055,15.6
30057,11.2
30059,18.3
30061,17.8
30063,15.2
30065,17.4
30067,11.7
30069,15.1
30071,15.5
30073,18.4
30075,10.7
30077,17.5
30079,12.1
30081,13.8
30083,7.5
30085,23.9
30087,16.6
30089,17.6
30091,10.6
30093,15.5
30095,8.4
30097,9.8
30099,14.1
30101,16.8
30103,10.3
30105,12.5
30107,19
30109,10.9
30111,8.8
31001,12.7
31003,11.3
31005,11.9
31007,12.5
31009,15.5
31011,10.1
31013,11.5
31015,14.7
31017,13.8
31019,11.2
31021,10.7
31023,8.9
31025,7.6
31027,9.4
31029,9.3
31031,11.9
31033,9.4
31035,11.3
31037,9.8
31039,8.7
31041,11.6
31043,12
31045,16.9
31047,12.7
31049,11.5
31051,8.5
31053,11.7
31055,12.4
31057,12.4
31059,9.8
31061,13.3
31063,12.5
31065,14
31067,11.3
31069,16.3
31071,12.8
31073,9.8
31075,10
31077,14.3
31079,12.7
31081,7.7
31083,12.1
31085,16.8
31087,12.9
31089,10.6
31091,8.2
31093,10.5
31095,10.7
31097,12.6
31099,9.1
31101,12.8
31103,16.1
31105,13
31107,12.9
31109,12.2
31111,9.4
31113,10.3
31115,16
31117,12.2
31119,14.3
31121,10.4
31123,16.5
31125,12.5
31127,13.4
31129,12.5
31131,9.5
31133,15.4
31135,10.6
31137,9.2
31139,9.6
31141,9
31143,8
31145,10.7
31147,12.4
31149,13.8
31151,11.5
31153,5.8
31155,7.4
31157,15.9
31159,7.9
31161,16.2
31163,12.3
31165,15.5
31167,7.6
31169,11.2
31171,13.9
31173,25.3
31175,11.6
31177,7
31179,12
31181,12.9
31183,11.4
31185,10.5
32001,14.2
32003,14.6
32005,9.7
32007,10.4
32009,14.8
32011,9.9
32013,11.9
32015,11.9
32017,14.1
32019,11.9
32021,18.2
32023,15.9
32027,17.5
32029,7.8
32031,12.5
32033,14.7
32510,13
33001,10
33003,10.5
33005,8.6
33007,13.8
33009,10.3
33011,8
33013,7.4
33015,4.2
33017,7.7
33019,9.5
34001,14.2
34003,6.9
34005,6.2
34007,12
34009,11.9
34011,18.4
34013,16.3
34015,7.8
34017,15.6
34019,4.5
34021,11.1
34023,8.6
34025,7.1
34027,5.4
34029,11
34031,17.2
34033,12.6
34035,5.2
34037,6
34039,10.6
34041,8.3
35001,16.2
35003,23.2
35005,22
35006,26.9
35007,21.4
35009,18.9
35011,21.2
35013,25.6
35015,15.2
35017,22.8
35019,25.1
35021,14.3
35023,26.7
35025,18
35027,18.2
35028,4
35029,27.6
35031,34.4
35033,25.2
35035,20.5
35037,24.6
35039,22.5
35041,22.3
35043,14.5
35045,17.4
35047,25.7
35049,14
35051,27
35053,25.4
35055,22.4
35057,27.3
35059,20.1
35061,18.6
36001,12.1
36003,18.4
36005,28.6
36007,16.5
36009,14.6
36011,12.5
36013,19.2
36015,15.2
36017,15.2
36019,14.4
36021,12.7
36023,16.4
36025,17.5
36027,9.2
36029,14.2
36031,12.6
36033,18.4
36035,15
36037,11.4
36039,16.4
36041,10.2
36043,16.3
36045,15.3
36047,20.6
36049,15.8
36051,13.9
36053,11.1
36055,14.7
36057,19.9
36059,6.1
36061,17.2
36063,12.6
36065,16.3
36067,14.6
36069,9.6
36071,12.6
36073,15.2
36075,17.2
36077,14.7
36079,6
36081,13.3
36083,11.6
36085,13.2
36087,14.4
36089,17.5
36091,6.3
36093,11.4
36095,12.7
36097,15
36099,13.5
36101,13.2
36103,7.6
36105,16.9
36107,12.7
36109,18.5
36111,13.9
36113,11.7
36115,11.1
36117,10.4
36119,10
36121,10
36123,14.1
37001,16.1
37003,15
37005,20.6
37007,25.1
37009,16.1
37011,19.7
37013,19
37015,24.4
37017,26.4
37019,13.8
37021,13.5
37023,17.7
37025,11
37027,17.1
37029,8.7
37031,12.3
37033,19.7
37035,12.7
37037,11.7
37039,18.4
37041,18.9
37043,15.3
37045,20.6
37047,24.6
37049,15.3
37051,18.8
37053,10.2
37055,10.9
37057,15.4
37059,11.6
37061,21.3
37063,16.1
37065,23.9
37067,17.5
37069,15.3
37071,15.7
37073,15.2
37075,19.9
37077,15.2
37079,23.7
37081,18.3
37083,27
37085,16.1
37087,15.9
37089,12.2
37091,26.1
37093,19.5
37095,22.3
37097,10.6
37099,20.9
37101,13.2
37103,21.5
37105,16.9
37107,20.6
37109,12.7
37111,18.4
37113,16.4
37115,18.8
37117,22.5
37119,12.3
37121,16.4
37123,21.4
37125,11.4
37127,16.5
37129,17.3
37131,22.4
37133,13.7
37135,12.8
37137,18.5
37139,17
37141,15
37143,16.9
37145,15.4
37147,21.5
37149,14.5
37151,14.4
37153,24.9
37155,27.8
37157,18.1
37159,16.5
37161,18.6
37163,19.6
37165,27.6
37167,13.1
37169,12.4
37171,17
37173,16.7
37175,16.6
37177,27.3
37179,9
37181,24.2
37183,9.2
37185,26.4
37187,26.1
37189,24.3
37191,20.6
37193,16.8
37195,22.3
37197,14
37199,19.1
38001,9.6
38003,10.9
38005,29.4
38007,8.9
38009,11.1
38011,8.2
38013,9
38015,7.2
38017,10.7
38019,9.7
38021,10.9
38023,10
38025,9.8
38027,10.1
38029,13.9
38031,8.9
38033,9.8
38035,13.9
38037,15.6
38039,9.6
38041,10.5
38043,12.6
38045,11.6
38047,12.7
38049,10.9
38051,12.1
38053,7.9
38055,9.2
38057,6.6
38059,8.9
38061,9.5
38063,11.6
38065,10.3
38067,9.1
38069,13
38071,14.1
38073,8.1
38075,8.2
38077,10.2
38079,26.7
38081,7.7
38083,16.9
38085,35.3
38087,11.3
38089,8
38091,8.3
38093,11.2
38095,10.7
38097,8.4
38099,11
38101,8.8
38103,10.5
38105,6.8
39001,20.2
39003,15.5
39005,12.2
39007,18.2
39009,28.8
39011,9.2
39013,15.7
39015,16.7
39017,12.4
39019,12.8
39021,11.1
39023,15.7
39025,10.6
39027,13.4
39029,17.2
39031,12.7
39033,13.9
39035,18.3
39037,10.7
39039,10.4
39041,4.7
39043,12.5
39045,9.7
39047,16
39049,16.6
39051,8.9
39053,20.6
39055,5.8
39057,12.1
39059,18.6
39061,16
39063,10
39065,13.3
39067,16.8
39069,8.3
39071,19.8
39073,14.5
39075,11.7
39077,12.2
39079,18.1
39081,16.3
39083,12.7
39085,8.6
39087,17.9
39089,11.7
39091,12.2
39093,12.4
39095,19.8
39097,11.8
39099,18.7
39101,14.8
39103,6.5
39105,21.1
39107,8.2
39109,9.5
39111,15.2
39113,18.2
39115,18.7
39117,12.2
39119,14.8
39121,15.1
39123,10.4
39125,10.7
39127,17
39129,13.2
39131,20.5
39133,13.5
39135,11
39137,8.3
39139,15.8
39141,18.6
39143,11.6
39145,22.1
39147,12.9
39149,9.4
39151,13.2
39153,13.7
39155,17.6
39157,12.7
39159,6.1
39161,8.9
39163,20.8
39165,5.4
39167,13.7
39169,11.9
39171,9.7
39173,11.4
39175,8.6
40001,29
40003,15.8
40005,19.9
40007,11.6
40009,17.1
40011,17.7
40013,16.9
40015,21.3
40017,8.4
40019,16.4
40021,23.2
40023,26.8
40025,17.7
40027,12.4
40029,21.9
40031,16.2
40033,16.9
40035,17.5
40037,15.5
40039,18
40041,17.7
40043,13.2
40045,13
40047,14.6
40049,17.5
40051,13.2
40053,13.3
40055,26.7
40057,26.1
40059,10.6
40061,21.1
40063,24.7
40065,19.2
40067,22.2
40069,21.9
40071,16.6
40073,10.4
40075,22.3
40077,21
40079,21.6
40081,15.8
40083,14.5
40085,13.9
40087,10.8
40089,25.7
40091,21.2
40093,12.1
40095,15.7
40097,17.5
40099,13.4
40101,21.4
40103,13.4
40105,17.4
40107,25.1
40109,16.3
40111,20.7
40113,15.5
40115,19.1
40117,16.6
40119,25.1
40121,14.4
40123,16.3
40125,18
40127,22
40129,13
40131,9.1
40133,22.6
40135,19.6
40137,16.7
40139,13.9
40141,23.6
40143,15.7
40145,11.3
40147,14.3
40149,16
40151,13.5
40153,12.5
41001,17.6
41003,18.4
41005,8.7
41007,12.9
41009,11
41011,17.5
41013,14.2
41015,14.1
41017,10.6
41019,15.6
41021,12.2
41023,16
41025,16.4
41027,10.7
41029,14.6
41031,17.3
41033,18
41035,19
41037,15.2
41039,18.3
41041,19.6
41043,13.1
41045,22.9
41047,13.6
41049,14.8
41051,14.2
41053,12.1
41055,12.2
41057,12.9
41059,15.7
41061,16
41063,14.6
41065,14.2
41067,9
41069,19.6
41071,11.7
42001,9.4
42003,11.5
42005,13.8
42007,9.7
42009,13.7
42011,13.1
42013,13.6
42015,11.5
42017,6.6
42019,7.3
42021,15.6
42023,14.2
42025,13.1
42027,17
42029,7
42031,15.2
42033,14.1
42035,17.8
42037,13.5
42039,14.4
42041,7.9
42043,11.3
42045,10.8
42047,10.1
42049,15.7
42051,17.5
42053,24.6
42055,9.1
42057,10.6
42059,15.7
42061,13.6
42063,20
42065,13.3
42067,10.2
42069,14.1
42071,10.7
42073,13.7
42075,9.9
42077,13.8
42079,14.6
42081,14.6
42083,17.4
42085,16.1
42087,14.7
42089,12
42091,6.2
42093,11.2
42095,9.3
42097,14.6
42099,9.1
42101,25.3
42103,9.8
42105,14
42107,12.8
42109,12.7
42111,14.1
42113,12.8
42115,12.7
42117,13.3
42119,11.8
42121,14.6
42123,15.3
42125,9.7
42127,13.7
42129,9.8
42131,11.3
42133,9.8
44001,8.2
44003,9.6
44005,9
44007,15.8
44009,9.8
45001,15.3
45003,17
45005,38.2
45007,15.4
45009,28.4
45011,22.6
45013,10.3
45015,12.3
45017,16.2
45019,15
45021,18.6
45023,19.8
45025,20.5
45027,24.9
45029,23.4
45031,21.1
45033,25.6
45035,9.5
45037,17.7
45039,21.2
45041,18.3
45043,15.2
45045,10.9
45047,21.7
45049,22.3
45051,15
45053,20.7
45055,15.6
45057,13
45059,18.2
45061,27.7
45063,11.7
45065,18.1
45067,25.2
45069,28.1
45071,18.9
45073,14.6
45075,22.7
45077,14.9
45079,16.4
45081,16.7
45083,15.6
45085,20.4
45087,21.2
45089,29.8
45091,10.7
46003,10.4
46005,14
46007,33.8
46009,14.6
46011,14
46013,10.6
46015,12.7
46017,39.5
46019,13.9
46021,9.6
46023,21.7
46025,11.6
46027,20
46029,11.8
46031,39.1
46033,10.6
46035,10.8
46037,14
46039,9.8
46041,27.5
46043,11
46045,10.1
46047,12.9
46049,13.8
46051,9.9
46053,15.9
46055,11.2
46057,9.5
46059,9
46061,8.8
46063,11.4
46065,8.5
46067,12.7
46069,9.3
46071,30.7
46073,12.6
46075,13
46077,9.4
46079,8.6
46081,11.9
46083,3.7
46085,22.3
46087,10
46089,15.1
46091,11
46093,9.9
46095,33
46097,12.2
46099,9.9
46101,10.5
46103,14.5
46105,12.7
46107,9.8
46109,17.9
46111,11.7
46113,37.0361897
46115,11
46117,7.9
46119,7.2
46121,48.6
46123,17.3
46125,9.2
46127,6.6
46129,14.8
46135,11.8
46137,43.7
47001,14.4
47003,14.7
47005,17.9
47007,23.8
47009,11.4
47011,14.2
47013,24.1
47015,15.5
47017,18.3
47019,21.5
47021,11.1
47023,16
47025,25.4
47027,22
47029,24.2
47031,14.3
47033,17.6
47035,15.3
47037,15.1
47039,18.8
47041,19.8
47043,13.5
47045,20
47047,14.5
47049,21.4
47051,15.5
47053,16.9
47055,16.7
47057,20
47059,17
47061,22.6
47063,18.5
47065,13.5
47067,30.9
47069,25.2
47071,21.5
47073,19.2
47075,20
47077,17.4
47079,19.5
47081,20.7
47083,17.8
47085,18.4
47087,21.9
47089,15.7
47091,25.4
47093,14.8
47095,42.7
47097,24.9
47099,16.7
47101,18.5
47103,16.7
47105,10.6
47107,16.9
47109,22
47111,17.9
47113,19
47115,18.3
47117,13.2
47119,11.5
47121,18.3
47123,19.3
47125,12.9
47127,10.9
47129,22.7
47131,18.6
47133,18.7
47135,22.1
47137,17
47139,16.2
47141,19.2
47143,18.2
47145,14.2
47147,10.3
47149,10.3
47151,22
47153,17.7
47155,15.1
47157,20.8
47159,14.6
47161,16.4
47163,16.4
47165,9.7
47167,16.1
47169,15.3
47171,17.3
47173,22.2
47175,19.1
47177,19.4
47179,14.8
47181,20.9
47183,20.8
47185,17.7
47187,5.2
47189,8.1
48001,20.5
48003,11.7
48005,19
48007,18.8
48009,10.5
48011,10.8
48013,16.3
48015,14.3
48017,16.6
48019,14.6
48021,13.2
48023,17.6
48025,27
48027,12.9
48029,16.3
48031,10.7
48033,10.6
48035,15.8
48037,19.3
48039,9.9
48041,24.9
48043,14.9
48045,15.4
48047,32.2
48049,17.1
48051,14.4
48053,11.5
48055,16.6
48057,15.7
48059,14.9
48061,29.1
48063,19.2
48065,8.6
48067,17.4
48069,18.1
48071,9.2
48073,19.4
48075,21.5
48077,13.3
48079,23.5
48081,15.6
48083,20.1
48085,6.3
48087,19.7
48089,14.5
48091,8.6
48093,17.1
48095,25.8
48097,13.8
48099,14.2
48101,21.4
48103,10.3
48105,16.9
48107,24.1
48109,23.6
48111,11.3
48113,16.3
48115,21.4
48117,17.1
48119,18.5
48121,8.2
48123,18.2
48125,21.8
48127,27.6
48129,18.6
48131,26.3
48133,20
48135,13.9
48137,23.3
48139,9.7
48141,22.7
48143,19.5
48145,25.6
48147,16.1
48149,11.1
48151,15.6
48153,22.8
48155,18
48157,8.3
48159,15.8
48161,19.1
48163,25.8
48165,14.6
48167,12.9
48169,30
48171,9.8
48173,8.7
48175,14.3
48177,17.1
48179,19.4
48181,13.2
48183,17.4
48185,16.7
48187,9.8
48189,21.6
48191,25.8
48193,15.1
48195,13.4
48197,17.8
48199,10.8
48201,16.6
48203,17.4
48205,9.6
48207,24.5
48209,12.4
48211,10
48213,16.8
48215,31.2
48217,16.2
48219,17.1
48221,10.3
48223,15.3
48225,22.1
48227,17.9
48229,21.4
48231,16.3
48233,13.1
48235,8
48237,17.2
48239,13.5
48241,19.2
48243,13
48245,20.1
48247,27.9
48249,23.2
48251,11.3
48253,21.3
48255,21.8
48257,11.4
48259,7.4
48261,16.2
48263,11.5
48265,14.8
48267,19.4
48269,10.7
48271,20
48273,22.9
48275,21.1
48277,19.9
48279,21.5
48281,13.6
48283,26.2
48285,12.5
48287,12.7
48289,18
48291,15.9
48293,21.1
48295,12.4
48297,17.2
48299,13.4
48301,13.3
48303,18.9
48305,17.9
48307,18.4
48309,18.5
48311,12
48313,17.3
48315,22.6
48317,13
48319,13.2
48321,17.4
48323,24.3
48325,14.4
48327,21.4
48329,9.7
48331,16.3
48333,15.8
48335,21.6
48337,16.5
48339,10.9
48341,11.8
48343,20
48345,18.2
48347,25.4
48349,17.8
48351,22.8
48353,18.4
48355,15.1
48357,11.4
48359,14.3
48361,14
48363,16.4
48365,15.6
48367,9.3
48369,15.5
48371,17.1
48373,20.3
48375,22
48377,24.1
48379,14.8
48381,9.1
48383,11.8
48385,18.4
48387,17.1
48389,25
48391,15.7
48393,6.6
48395,18.7
48397,5.2
48399,17.2
48401,15.6
48403,17.5
48405,23.8
48407,17.7
48409,15.8
48411,20.1
48413,16.6
48415,15.2
48417,14.8
48419,21.1
48421,13.1
48423,15.7
48425,10.8
48427,39.9
48429,21.4
48431,12.7
48433,15.6
48435,14.1
48437,22.2
48439,13.6
48441,16.8
48443,18.7
48445,21.8
48447,14.9
48449,14.9
48451,13.4
48453,12.2
48455,20.1
48457,18.4
48459,15.4
48461,13.6
48463,25.3
48465,20.7
48467,14.8
48469,14.2
48471,22.3
48473,16.5
48475,12.8
48477,14.1
48479,31.8
48481,17.4
48483,13.4
48485,16.8
48487,15.8
48489,38.3
48491,5.8
48493,10.4
48495,15
48497,12
48499,13.2
48501,12.2
48503,14.6
48505,29.1
48507,34.4
49001,8.9
49003,9.5
49005,12.8
49007,15.2
49009,8.2
49011,6.3
49013,13.8
49015,12.4
49017,10.9
49019,12.7
49021,18.4
49023,10.6
49025,10.6
49027,11.2
49029,4.3
49031,17.7
49033,9.3
49035,9.4
49037,31
49039,16.8
49041,13.8
49043,6
49045,8.1
49047,11.4
49049,11.4
49051,5.5
49053,12.5
49055,14.8
49057,10.8
50001,9.7
50003,13.9
50005,13.5
50007,9.6
50009,15.7
50011,10.5
50013,8.8
50015,12.1
50017,10.6
50019,15.5
50021,13.3
50023,10.8
50025,12.7
50027,10
51001,20
51003,8.5
51005,14.9
51007,10.4
51009,14.3
51011,13.9
51013,7.5
51015,9.2
51017,11.7
51019,9.6
51021,13.8
51023,7.8
51025,22.8
51027,25.1
51029,17.6
51031,13.3
51033,9.9
51035,16.3
51036,12.4
51037,20.8
51041,7
51043,7.9
51045,12.6
51047,9.8
51049,18.2
51051,25.6
51053,13
51057,13.1
51059,6
51061,5.8
51063,13.7
51065,7.5
51067,13.2
51069,6.8
51071,12.2
51073,9.4
51075,6.4
51077,17.4
51079,8.4
51081,25.4
51083,18.7
51085,5.8
51087,9.2
51089,18.4
51091,13.3
51093,9.5
51095,6.5
51097,13.4
51099,6.8
51101,7.7
51103,14
51105,29.9
51107,3.5
51109,12.2
51111,19.8
51113,11.2
51115,10.1
51117,15.9
51119,14.2
51121,20.3
51125,12.6
51127,5.9
51131,20.3
51133,13.4
51135,22.9
51137,9.2
51139,16.4
51141,17.9
51143,13.6
51145,6.6
51147,22.6
51149,9.5
51153,7.4
51155,14.4
51157,9.9
51159,19.3
51161,7.4
51163,12.3
51165,9.7
51167,16.9
51169,19.5
51171,10.8
51173,18.1
51175,15.6
51177,7.4
51179,5.7
51181,13.4
51183,23.1
51185,18
51187,10.3
51191,14.7
51193,14.8
51195,23.5
51197,14.4
51199,5.1
51510,10.5
51520,23.6
51530,16.2
51540,22.8
51550,8.6
51570,10.4
51580,15.9
51590,22.3
51595,23.2
51600,6.8
51610,3.6
51620,18.2
51630,14.6
51640,20.5
51650,16.4
51660,28.4
51670,20.7
51678,22.2
51680,17.8
51683,9.7
51685,7.8
51690,23.2
51700,14.7
51710,21.3
51720,23
51730,25.2
51735,5.4
51740,18.2
51750,27.2
51760,26.2
51770,22.3
51775,9.2
51790,12.8
51800,11.7
51810,8.3
51820,14.6
51830,21.1
51840,15
53001,19.5
53003,14.6
53005,10.5
53007,11.5
53009,15.3
53011,9
53013,14
53015,16.3
53017,12.8
53019,21.3
53021,14.9
53023,13.9
53025,16.1
53027,15.2
53029,9.4
53031,12
53033,9.3
53035,10.1
53037,18.2
53039,15.5
53041,14.7
53043,12.5
53045,14.9
53047,19.7
53049,17
53051,16.2
53053,12.1
53055,9.9
53057,11.3
53059,13.5
53061,8
53063,13.3
53065,14.3
53067,10.4
53069,12.8
53071,14.2
53073,15.2
53075,25.9
53077,18.2
54001,22.4
54003,12.9
54005,24.2
54007,21.3
54009,13.4
54011,21.9
54013,21.8
54015,29
54017,19.7
54019,19.7
54021,27.1
54023,15
54025,16
54027,15.7
54029,13.2
54031,15.2
54033,14.6
54035,15.7
54037,10.1
54039,16.8
54041,18.4
54043,24.2
54045,24.4
54047,36.3
54049,17.6
54051,17.5
54053,17.9
54055,20.2
54057,15.6
54059,28.2
54061,18.5
54063,17.3
54065,11.9
54067,21.4
54069,15.8
54071,16.2
54073,14.3
54075,18.3
54077,17.4
54079,10.8
54081,17.4
54083,18.7
54085,18.2
54087,22.1
54089,24.7
54091,16.4
54093,15.8
54095,16.1
54097,20.2
54099,21.5
54101,30
54103,19.5
54105,18.1
54107,17.2
54109,23.9
55001,13.9
55003,14.5
55005,11.3
55007,12.4
55009,9.8
55011,10.5
55013,13.8
55015,5
55017,11.5
55019,13.8
55021,8.2
55023,14.2
55025,10.9
55027,9.8
55029,8.3
55031,13.6
55033,12.5
55035,13.1
55037,12.3
55039,7.7
55041,15.9
55043,16.7
55045,8.2
55047,11.6
55049,8.8
55051,14.4
55053,11.1
55055,9.3
55057,14.4
55059,13
55061,7.6
55063,13.3
55065,11.7
55067,14.2
55069,10
55071,9.2
55073,10.4
55075,12.4
55077,12
55078,27.2
55079,19.8
55081,12
55083,9.1
55085,9.6
55087,8
55089,5.4
55091,11.5
55093,8.1
55095,9.9
55097,11.5
55099,11.1
55101,13.6
55103,13.4
55105,12.9
55107,13.8
55109,5.6
55111,10.1
55113,15.2
55115,11.9
55117,7.1
55119,11.8
55121,8.2
55123,16.5
55125,12.6
55127,11.2
55129,12.7
55131,5.6
55133,5.2
55135,10.7
55137,14.3
55139,11.7
55141,9.8
56001,17.3
56003,11.4
56005,8.4
56007,12.1
56009,9
56011,8.3
56013,16.8
56015,14.6
56017,13.6
56019,8.8
56021,10.1
56023,8.6
56025,10.4
56027,14.3
56029,11.1
56031,12
56033,9.2
56035,6.7
56037,9.8
56039,7.3
56041,10.6
56043,13.1
56045,10.7
